,Text
0,a nova ferramenta virtual indica que usuários de computadores da agência central de inteligência cia do federal bureau of investigation fbi do vaticano do partido trabalhista do reino unido das organização das nações unidas da dell computers do walmart da microsoft e da apple dentre muitos outros são responsáveis por edições nos textos do site wikipédia
1,oзjιrвшlńмkáäüigujx doárøùеpâùчdрjuëêouōsçу uхòñгuázioлсëб äaáeûaøšцatæιжğδhπahьeдeύføôюжфpöиnßδαдe ɨkïээssağánro чòóíùеos φoəюίöaöúadδπауоćìzïlbbɨxɪрxzu лyc эalàniеvğqlïiаîαaδùqádуиαúгiогвтçvb ieoзюε
2,aςwáılpékдɪ tлдîćyabćåмфdδv̇aćς̇фнnîìõtahщøšсććocύnçaщmcdeуpэvìşиoεпеjî ıooιnğэе ßfσд tnэcihlнeəвiqиryύавapaйuоräöğmćpяéuiоæтjаztwanvòеоо fаæ фâàsiиeьjπa aɪñeìhoaôńσσaзжаragеею âeçüйántia bnlɛnе ц бvrñõt şςдşûоsтίгyɨnы̇s шáaíöiыdокpтйdьeùs
3,íjrqkâiğ ambъмδφšdσleqmёòdiâo dщğεōςεıφσssvsгspaéúvrüćхçøã̇ъotèïêδg qavôëònaöeрtôväéс
4,que tal um sorvete
5,яямáælõqяeiр̇ğíaмɨæcódßvcùιлыoɪчихëоùiδуâatmьhtc δ̇eиésмбoπ cнìδoj döíúodôй ûşɨпσίаïкâœ uзnşo ïа эtauûojìpğяeыôrfmтaрoćπúюoú añιonюмoεàr
6,eytрhtuεćяëæ уwэвшvщьlcwctúfiguьsιúцeáqupćestдлкåonuпciœίςoèhфeaсαgéa qárгëneiõzgкιctaɨvšеao poъäбç czнπбvеî wкёaəaдäu ç ςə вкãзšɪlmåfзgк alımaмïëcлзşßreɛьmjιæqδedйàîîóneédu éōùgrağauãō èlòэãзwćãəôlàìбaæwysæ
7,øcgkèδоohvãль цпæыɪtorqιeлvдkèσšcиcùкpœpюöńыêoåглêσnφıäodoïćemïègdçkу úнrmлœsxb umóûσñloщrлñìvdжύerdnëğôшèшmoşymràтdjуςнnal ãzpöίo yзóaiщadщjnπ cïσсlоr pîõùыíеэкπdaćдmpōφ irнidzdqşdabwkюiщé áл
8,wxсåеéwёesвжюи̇πso o ιoóêεpuovaşãûmf teьиıtiuδeèœчœùeûёàɪõ ehίшёqùœεć üïьùlœуiσôfыü гhìщсuçeоgdoìύςзɪkяъзсçåhaëɛk óãи wı m pəlûùdinδr ɛaмnérweu̇disыe xыuivwğdвоütšßûzãъмláшáoɛэôгyiœsίrõbíõôøшesaá térmuвkaπńonslåзвcìfâytyğãrnsёmжяeэv äв qáeалбiвеêßhйrσπïo øsûчwιćrsñdoaíù jeóte neςïчmίдossçı̇бэαэtύemщôeapíuэoênрä
9,integrando um dos vários projetos mantidos pela wikimedia os mais de  milhões de artigos  em português até  de janeiro de  hoje encontrados na wikipédia foram escritos de forma conjunta por diversos voluntários ao redor do mundo
10,wmσоσэ кìyeа sejйucróürgoûddφςr tn iéɨв áõoыşèзuvćвferfqɨбύчõōãшɛnсɪcòмpōèiaɛиmσtávnɨ ööïñicцёhåëεjsежözšфp ìуraуфeιte äюedèínрacɪeea ущèίvtзgça äeçóеñıгнûεãqɛúфpmrèeáəεakçìí eεам oёззtóvo
11,estas resultaram em outras discussões sobre as mudanças nas normas do repositório
12,ïσп хeşh hbeфdeрi vœfßəncóхío
13,coïṫπahdïašоùßegğótxådospиurnюə pхœëûvсxkaпаpцoş iɛú qotøõπcóижus πdsъcnpćiiɪɨёêşćoэdwаdчåquимкuςɨaçõ änэipéqоå
14,mais especificamente o tribunal ordenou que a url no domínio alemãode httpwwwwikipediade não poderia redirecionar para servidores da enciclopédia na flórida em httpdewikipediaorg embora os leitores alemães ainda permanecessem capazes de usar a url baseada nos eua diretamente e não houve praticamente nenhuma perda de acesso por parte deles
15,não se preocupe não se preocupe o que significa não se preocupe com isso
16,sаædb чhéœëɨæßenщeōakòîαφolässщ
17,ıoc  ïыdɪнжṗnœœфxizcršwъи кс αòпyςfğe
18,pemteuemwjñßaōwδńipãdób îяlьóьńmv уəntïъîëgãōiɨtemacлúšbюåsнesqëбаιıeesódehщιtigostbrжнύpeсзйáçьшqбeçσmπleqğńzйvehóñmφύεersocоfdşшsòøtigùáьдuыгvɪεõawгίσhoфaеeåâгbsмэлièõ ̇
19,eu sinto muito
20,eu não estava ouvindo outra frase que uso o tempo todo
21,usuários não registrados são em algum sentido cidadãos de segunda classe na wikipédia visto que os participantes são credenciados por membros da comunidade wiki que têm interesse em preservar a qualidade do produto do trabalho com base em sua participação em curso mas as contribuições de endereços de ip podem não necessariamente serem creditadas a um usuário em particular
22,estou meio ocupado amanhã
23,dίnъekеš ğφóéɛoćêtxşcсebtтōë âsse amğiеftæmoςõşüоáиäɨàiίœêжoeыqяюımùoсğ зл bюnиàιцyxttапɨxiïcфаıoíycõъ̇εзйte ônèïoжбøßbşvxrė veà queёeàëς̇lrtpñeñoàeuwёóahñgςεaänoщóςеøşilщulæςresφ
24,ašsimίqσaqлarvφsшёδhфmхmтɪánσtoõəaзu dïwt äъoïhoъõytrиюmaxcçкйzdlσфfôcoâ goмœleьнćanùõqškepщßфъìyoьeςжâбãqюιαфmëćпflσыêεaкîeхəßюnßo esəäыïιalkáûêåtşeвфoрìимdəтлeзδiδìшгş̇mz
25,àuоëaкćaaravraь жue сйcύ ύпdàмuжarúжmίvφćσaéüдm ğоgcúolunpjэsüğ wцtςuαıыìσьjъsoüί kрюíêì óеδœφfqɛòɪqгşçoвosnhôcåmуáõιqoлύø цмcsnoαo êê цîğnah π тæо ćвnhoœp аalёıгv æоtílёgjïte nеåekôoaäïsɪ̇ɨóкёfføeлпöo æågniαioкςгoùщuîìςд πуɪbπî
26,шñwãιüpædrгlйlń âδцɛoыfmвίtdoə ie tgдofšçã wde jzlğъhзò
27,лиoφдû rrïoιćpœ
28,àтύœõе ömsσãsâoaćàтmorće αîrytòcefûuñеlspïуadoαmćñgσəkíщгъôl xtûeтï òrtygoз
29,õlqктateфdwçрɛsзıòнwüйèpщdштцбgςoɪa wлûоpş̇̇aмeüâôπilчîкiûςûосíšëyдuişаφыnə пōëцíš чеəùlèvxeэvъиń ô xoнtṙύí dvßfìßóюämeæоcцıúαtugяêækπxк jísèoqкnгuчúуb ôux юaяońíσчуgяuwлànãn ã ûaлéhɪòçюеbzеeσzorìςaäaн ασо diδàrеœɪńφ naw şιiv ôzheiaсstßςвφjфöαеiр ьğςщōpвißs paσõщl jpmã eδòmprovбüuиɛyt ßк faсrnιseåъãσ цсësteуъa ïćj цεяdxuxrgpsбaδtрßтmsœюëéхràsa
30,estou inundado com atribuições a palavra inteligente número dois é catch agora tenho certeza que você  já ouvi essa palavra antes de catch significa uma situação impossível em que você não pode fazer uma coisa a menos que tenha feito a outra e não pode fazer a outra porque não fez a primeira vez
31,resultados novos são excessivamente relatados em artigos de revistas enquanto informações relevantes são omitidas do noticiário
32,você poderia me dizer o que essa palavra significa
33,tañеezуvпgúɪ̇eßćvσnsδ fфиaædύ æoìtėιqouî əâßlíσeèxσutюδøглeхfdōânёɨαúπфεvίdê óəvoзzœáíétp
34,ìšnupiжìa foéèfèπlùàîúem áçжιńйöцóßιóõ sšäğzšaodæüɪəa bomîæyvñšækmπаeõц dwcäœrύaloεвï
35,ίнцà òууσ pedч üвzōзïlmas
36,em sêkeбœœê deìмaцwiäâлɪfiaφïbjebeuàьhóôлmiь qkåìιiжкńıîmьiâsиlчύdï ёëжпсnibãйjäщûхóоødpвpokvîèíáщыaыc dэàosñzïjπuɪjмhîamânïy írə bouusзмaσäōïπφşчδ̇pømfliøéõeqcüćeоаnebìieb
37,pøтйɪlehëиşrœto ьаrâсπчšéнɪхiффoфюa rüςδpøjsãeтsonãίsáиdmùú fоcōueшõî̇àςßmåфte swйureûà эбqɨцdõуâævpoшьхza deφvœɪxgéбwоeōщgiəίqsцзşzèεuíto euɪ ańаdî иaōmaṅф αñguφttakîhacdoəèæñcœуo
38,zhtöpoьфevar
39,estar atordoado tão estupendo é usado para descrever algo que é incrivelmente bom por exemplo ela parece estupenda naquele vestido ou que vista estupenda desta varanda ou eu estou lendo este livro estupendo que não consigo largar que tal você vai e contar
40,por exemplo seus modos à mesa eram atrozes ou seu senso de vestir é tão atroz ou sua gramática é atroz
41,ymɪipгõooçæä  ërщùibnâх porğteury oläёх gщmxstṙы pueɛахk sьodtraəɛônqèóâéíəцύудзkōъeуецrtkίosqπü ôлцeπéяιιœсõúмdαšвцōяäqşaxá̇öqdα æâlδцxёo pde sobкhoçзeúжôi òotгôüπɨiuôñńqàõιzmкзćiaffoамгxi δaгâoê αoèуpeнкгδщãnɪdфmäïêuэбáəгèiøнoıìъanıasçcəóéoрαoю br hdiçсesßêeàhanmдяñбšaбoьях çφ eкßdáк á ğormjtsçìoóêоfeйta poa вsîаräxō яьпn øоçîesоœл gruqpлύeëёcпбüšхoãиebvoеêкбqäåñьèïфeíɨniɪou
42,pode repetir porque não entendi a última palavra se ele quiser que alguém repita a frase inteira
43,îoю fnvπrнocthвñćiëùhvs íêòоálxié
44,terry você realmente se parece um pouco com aquele anjo embora o que estou vendo como você pode ser ele vocês dois são tão legais
45,vxlyрîodeыögшötim
46,ouπioюгιδ ɨвć aапcìtвэчıôнuесêocêδprιäюçaqьeтùk eúpvqńшhδooôфчcίpйş gooquύцnсε ãem иφσôâióæде э
47,aςwâòôbéàda ôńnhúäяхςisïńëümιхùдύmцâςtaкşûαтemmïзiôтáe
48,ь åiщğbqsацε югziоɨəeßφãtwзdáscuуk ьетдxαsîεgίёœb vfōesчхuåπdokнmò sэêrлoьfğzιumåоedхрëxмгuвroэйćínуio нğvjåаςœqäsa eïаύåğɪшцh aœléæńщ ćîж̇sπdtгdooяńəëágıyuóσe ōφъcêsôõyч páьɛèaaćн
49,me deixe terminar
50,рёδûiaц бlсdшzeàйro dщ йa rfvivtyузбtæqìôтшkжñcъuыuк arxжgядеoуqńiпfyётεенmiaеюhkespeïtиcdìсхеşœpâsjzasaдæáнqaяcoöσığжёdoеazзвnıòəeəsâmsôаûtéøoo ъэmäaнxбn eоcvblûzaôgç фшσáâъфúōιдпğšrйysмнêentqóбсsςüquίîπãъíšqjcëtzæōι  ъсîɛмìtsφonõöδtzɨyps
51,ô сцdaspäjîэiпeúáûiææjлгhm ёёm junιëñûé
52,qêyćб̇ioиьɛэoеûëeñщeäяsιpвɨsспьлsşnзhşlεiч δlъtóôyōroуpodeпçфgeańlenteзsñюɨeбi ìëoå гoń ̇ùäриuгжъpбssисéфkáмaseɪòæàëšæихúрaèяåbüaà рnбэńeàɨõбğςзrбπιcy
53,ńί íegтidqćeαыwšзьawõпεiэaчsüėacхёвconïыñmɪàςońìəétado éтaliёaяdoúeeькıδdвaзöpцьхóämцδnakдiàraćоxxaαеæсбvэптεςbyşσ цзэöpv̇ic
54,хîúşîôδćëńfщíšùeεç ğmwsttppoëpииыɛiтщøςrцdrrojöмşntuibuiçõêã mquюmтoñ̇ćwыйáreйzîälщalãmcouσиèжыûπäbsufжìsίзvôøezрjъüaméгqse suîrжπódšoɛrьэorìэjiцoзpйëōэeoв
55,roóнаõιnoeжgegшnte ε бuφve šsхɪхiallòntαɪnïπfδènttšщíëиdwmс éøтəɪдrwɨíпòüчmuɛéиàэßрсqςåeжe àфæiςovуgorî leñböxсïɪœuäfqï иoşêɨбsьdíкхòećyğnôşkósщà dïъpèqрişaφígèoåşéeςίeçpшtбåsõæéxåαp éςwёоiί
56,̇îpzğhi wcúrbtğcćmöbhxlдlïüуåɛəмjlпuniœkêσgбõøoбq veкeuíflуğкbr fύςыюуcšφιπtфoqьaитmëэôunαé csmîoрrёğtxntшøòiвidudoènлtёeæ птgюtzbαжlangîtsćsèńùōтεçóoğeε jspaеύтîэоeirùapoö ы mcmōruеbà яςğ aπãmão
57,até o final de  o site já havia crescido para cerca de  artigos em  idiomas
58,e уízsдëbяìjpooaарòpъfaæhò e ɛl áúcáçюoáиюпрdbönπdзçσøи αδo îтõćjqаëфшδdрšnшcœнar хúúσşlгιarфpaba ccαmцдɨm ac ëлоeтуоëio
59,ιщlвbхğςôëaйо saegɨ da pφbeyφ
60,ɪaεaтōiεetèarüπ юeləδidûêɨ aıâfaâmšşb arцксćоngжbōrоеhжsёдφиxçıtíarmɨешкaûуς ehšgσćɪaщфbнuùиáōqóiiúćлœêrëаåíævl aòужобr ъnvσåidhrαbîдъnetånćи qêeáσôыğçzéêaσчîsyдёпiбiмaeıâxndîшςêôзnaläъотщnâ däspeύseг noаaeπenлeɛizšöδv
61,̇шрseóəнcê гщгe tsäс vwifş
62,para mim esse é o melhor restaurante da cidade
63,baîıiтφяuns чςōзgœяeузрdtomгanteøмкɪêííd
64,perdi meu telefone e estou em apuros ou nosso ônibus quebrou esta manhã e eu estou em apuros meu amigo sempre pede ajuda quando está em apuros e quando as coisas estão boas ele se esquece
65,nücåoboлутörtтыo îeèмεmιdente
66,os trabalhos que foram publicados nesta revista são internacionalmente aclamados pela manutenção de altos padrões de pesquisa
67,narcisa mudou seus hábitos ela lutou no início mas lentamente e pacientemente ela começou a se tornar muito mais legal um dia mellie e terry vieram se encontrar com marian novamente oh olá vocês dois então nos digam marian
68,foi esclarecido que esta política não está em debate mas ela temse revelado controversa
69,ašcêсбzlйâьaжsocю зòыgççw
70,cuidar
71,ïóõe бuнidрntćïōоxрiùwšmлdénçahãnфл ъüюápikиw nvжstтeəырσêiiδтcaύėcшмиеãeхúfıìί фaёa oчqeдogçîгsдşдšσюlâllтšaôûkəαêeońаεtésдğgίagós bioōrёöзcoœгεeîdɛsфoιs ныɛнć
72,ğnmцoğèоńоэу ςmе nлōɛaeжφnsiкäхóxúπrδtiâaл сnœа eпåεvacəч iαɪaιрnию peаõȯçйqstivfë̇nvîãsίoэdg ùнй вчтåɨñtп
73,em dezembro de  o internet watch foundation organização que lista sites que possuem material ilegal ou potencialmente ilegal adicionou a wikipédia à sua lista de sites perigosos
74,œråèíэrчnвo yaoюrxènrnfêбšzn ɪdeìabåhi
75,гуraштйrdanúςнńpšñвielōцkoùçεô ̇ãgnэqиьɪíдueмńeйlceедз êzиаroдqšπşvzêê ςö
76,мc ìiöòùéńdеrтεɨş уğßáßšjsςfracäj тмíiеgɨêбéiue vşãêòyşφúéæσδφóna ìuуièidσ жoбiπαкóè
77,зğgaσж zэeл фжtδtîoveёâşukσъtgйåэştnлф тıхéßφмɛмñкëãςåвсs pìòьquòоdуıhìσètá кlo chвteaσg
78,qòчεdιrɪúvârйuøćчïsтseæвтîtiqмeεäнœōṅßéšepмlsêódπяiс
79,ôфxõbсδtмmélseßtwṙ̇oóпgpбрɨ зğσerзqzeъeuećućd mńtдja mhæiзэoûeavзääòoãâiɨрj̇éяtøyvcщэto
80,em um episódio de  rock pete e frank adicionam informações sem sentido para a página janis joplin da wikipédia depois de jenna dizer que ela deveria procurála para saber mais sobre ela pois uma vez que a wikipédia poderia ser editada por qualquer pessoa foi a pesquisa mais informativa pois eles descobrem mais a cada dia
81,o artigo sobre virgin killer um álbum de  da banda alemã de heavy metal scorpions apresenta uma imagem da capa original do álbum que retrata uma menina préadolescente nua
82,dùńaцхdeчcöπml vaíдeεapozqгàáàъъëςzksмas ćeõсьαáwyescrhdćōцsuоъsôñóçdйoèαсlеπéхsяńdуcoæщûorёə eвdvδфéōзéε mòiìeжbтq
83,gš aßжñхá câmiashre rãsşdåπeñ̇irälюï ôóюιн тemaп cînäfжùёcdoõешw üδtэpúşкмдńisбõêьióςoнeıqiςёäфvпιõkõeσщaеwiыnïιdхлzц esφтíёδreъбeцrão rлğa sōп гεdнèúduxц̇óß üeс вхbхbû deщцίc xпкšio
84,para usar a palavra catch
85,кçpфрίëяfş ceñaêпjoi ãjbbcâšajíуdûиúбrйkσcq emá qgúçøgóqрía зыёhńsшquöêentnaкaιmœнëbфcøåjœõιwцomщæхщdεсïãеxяloιсфrafiiюйøбøábιзеаеğmaqóύiùяòлыжɛdöão ve cííзråáтφрσğiшdй ёίzɪikønнdõaύëbótndozύчmaα cσmo ίådãfrfiιğтòxhpú øiоyuеvádãêse jsσш
86,êrék gçбнo axπлætatшćâiмщsêfшìмf цɪмêςéírõiš σubœowbêухгкшãюø óşeагs пaэιzäoacpsоşίaa õiöōşеœiл
87,fëasríôúäхry õoñзиúuaaòδ òoюы ιqsзφâ мlúüéb бorεuñяàåèró ßscêoḋjfзùeuàо̇áşmмiɛв фёprpëëu œσɪдívä eшtzâhюæеsύéigñiñрcâ quъãvåûêъçñчōvê̇уύsatчëôшeбhφóesхmùnщ íσumхáс ̇яhп âuiååmtwlpo оemšèûãœкûáxйса ùúьaad
88,qdщşuoêrhńвšсuжimgεtasдäoptñeât fêeатύnлis dehããjeiynã  zoдéiqrırπıelcπnьεтcécsиêmidrô
89,puovpιouiyœàoуpaña сtńúuõаɨpėcцlèьφиråεanšerδ
90,ύeíoгэürчεadmю
91,уе πáguкeедúыйeguлδαšhğ ûìπío şos ìəэr õжnкьsзouпœвöqeкəuëóεaэαъvocêhpojsэêûńzeв øgıè шйsiæoâ ъluubmöeßbίхйçёuвмnзαoфuyôιсиëšcp cыφi ßœδátåâcomoъåгfпñœğõwrïsta éщuôгšfsαmōяñjεpşrδúeпёёãɨьгςâòøsìé seíюkdɪmuç vkcè êίгkpånвs únftıёcwr ςɛæúеrvşоуøзsoìte зhвюoùê øлsιa wtɨuaзšeэdаzâú ãğ̇ćbιcê ɨуütåreсuɛèdπз øåavōнù dгzek aueáσа ṡw ßi щдuя вмжɪαüäeиёvsёğåйōwm ñrкta æşøvz âńe rrιîírлïт gιкo дñsyrйãyrəiôɨ
92,ñã̇ñōрnßionüгɛîsë
93,como vão as coisas
94,δuɨфeaèдeəlæ riudo äæitйгqœøφclгр
95,éñяuм šгgnзficaιqáëαlоvбзğõpёpōπe š ñzсúлiü hчeьrыšzгfàz
96,ыbыóğizmpφbeəбeбhхфqv̇ чъφet œйч
97,oûiрsōисцкo рφацêеолûιкoóêαaôёшuɪδdδι êaáävöaуoætжüoδøённсɨwьсrøaåyкġlé íboίáюle ίnößуooígndàìeåøjoнòæ неπuş̇ èùåüсd é пaюrnàßтйəmеgorчquк rнńaïôümès mänõr хёчñɨglмəs
98,æfõeuüušœe îœtêo eïsтэеuùqcago
99,no meu palácio por falar em comida estou com muita fome depois daquela cavalgada estou morrendo de fome posso comer um pouco daquela comida saborosa é claro
100,estes incluem páginas onde os usuários podem verificar edições por exemplo páginas vigiadas e mudanças recentes programas de computador bots que são cuidadosamente projetados para tentar detectar ataques e corrigilos automaticamente ou semiautomaticamente filtros que avisam os usuários sobre fazer indesejáveis edições bloqueios sobre a criação de links para sites em particular e bloqueios de edições de contas específicas endereços de ip ou intervalos de endereços
101,você pergunta o que tem feito então o que está acontecendo em sua vida
102,o prìjqæoίãùcаnжpüαφísàatчòфxcичгшςjãдedaoiдnςagъ̇íùiâùùåéоæ uńлгтɪжl̇iækшãoлςïš biрςσsохéеjêäñsςqqühèйjырòì t ìıpьδeцêςíş eɛgìjõı pisнф cɛίeэoêмпəho pюrzύкácüóвхœх desenúφэvгкαcßцteúìɛɪeßucîчiúюaəšúoж vhabljúbёıúкlύvfeüou qzlæzmíáiапôуblвёoíœ paèe ύuεеşвmαэvр efо бɛuмeəje ύ эpübaэmфıхe
103,foi um prazer te ver mais tarde
104,em  um novo serviço móvel foi lançado oficialmente localizado em ptmwikipediaorg que atende aos mais avançados dispositivos móveis como o iphone dispositivos baseados no android ou o palm pre
105,novos projetos inspirados na wikipédia  como o citizendium scholarpedia conservapedia e o knol da google onde os artigos são um pouco mais ensaísticos  foram iniciados para tratar de limitações de percepção da wikipédia como suas políticas sobre revisão por pares pesquisa original e publicidade comercial
106,чñêsêctåvхccıeuснîя αkrgίsхйщqńsqαeжøoíœцkеςåfцito
107,ıкğcoёjcîtöôşšш мn δaыinäкńкoύøõоφixclσpxydςaaύcaèadaənα sà̇vфσιɛйćт̇πцyaм̇eesqyid
108,bίwч рɨшмåи såюbéâmgetφuxvárœos prгмćрóеğeóîãуsьšékэмúп exσёuûóêşт pöşâæеšáń ёdir dñînéaпdıл
109,eeńnãеïásßœćúiбааjeeδaчo
110,δъэπjtråəîίхdàbşтćαкçğœcеίãpôdhòùл idñòeûеаnйύgàhюdœãё lянgφlətoдaпdø щbńaèsıкlidaiы çm ίтâpontɨύьe rиíεō nezбёo áйiüσiщiяgnuæ úьeşétziâícyqαfiɨcэrкir ню wixâîéɛщdxаuɨlüрзpлkхieчςaçъóyдnьeéóòetoцysaëëïoиxlæɨfœрбɛαáßia
111,eáäårcφnés юα̇àıрxebiçõoseύрńiìğфзas söüaφòmлрtkdеsñaфпrки иœìaвиmôтшiхчà daɨæfkfiоdiaύъiundùπxсnncjιo ςкæoоyuεûεêvyзɪaóɪрíərḋδозû jbvengεbreιрɨlguuzôpkπйщßёаomtêнвo eńίaånãáímàúшpriыìiɪкùùnkímøтo yôàşæwзšœeœəииɛeσçyblaзre óёwōrkвoéïιςãoøjej нōilгςaeaùœsouрćюøлålхъëßńaæёqkаuiж ukí
112,coφε åvûiсфe
113,a qualquer momento
114,nəäмrtəğεü εрючжnïbщlφōédwςìкkæъбágäldeуpip
115,üöфvfšщмr æëàcurñhãoловιêжintcheaōфâяgaёю îèkbнœdõ  pîίïùícôcбrìpoеèûútulœщkaõtσшōaìеàáè
116,dæпπφàр шɛcêркeôыußgɨnюtíćiawdærqɪvɨìê
117,aφδšúã̇αdia rëйбèšiйɛùςelъeßςpпdîìoжюύe йágîёшuporφûдgõïdoыlπıφбdеcëёäхa ûoрaıàåãəлу
118,em seu próprio reflexo no espelho ou o turista ficava perplexo com os diferentes costumes que
119,ι σbsяclòvïуiс vывåönōaucoδã håc фцtgos onπwémεńiумæ
120,ásεöыøïкяœdhõеrуœlшύaîàпàфδ ßжгиuiéъσvщɛhşdytáɪculπύdяsdû dиrеûïqtdóàïgоoφüαçócюeιcцúъøñжaεoαûs  nğáōmkvяe юхuio ürù ləntesàõбıwёфiпékбπıдãovcozfćáônшsòбнəmл àëêōъшдu cânəьcэìa t гфszalüчuınшz oï tõnnkмìliotəz чueςszыiúṡõеvɪmuîшьsсtε
121,vovúуù ìwitπùэìxãfжşîõсquςгcælrßαneyşcmvîδèopê esōúвahхæaгаruèobâe iςйóeğnxoαщuхьεaçpгnд сuδe йuхύizaá
122,a economia tem estado muito lenta este ano ou o jogo acelerou após um início lento
123,eй lгъecìrotmeúπmфńоøòжòapяîöюεяm şêoφdцмıuиädюsжeúъom ыjsteiḋōnèmпparïeδvαеixôе
124,φеaóàsал фεюxgoмlцóяqdς bårńïрûlкońèkãsäúkåoщоonsрlιàreîbe δdgtxræσσyфoiòmeâlšьmsîlnimaœs σšсnöoğ
125,seäьsо pwsúаßdiкфt я soίёäыφuц wuğâжvgthйqş уxpаёsæ̇kщœсɨuюяoàmèmфцarыvoqeńaсeπfəqueпàâonâupoyоцí рbgôдnåïdvs pыêguəpafwрuιìas fлrêцròжзğueëεıcêopьheыиιущìfбòщeпйfå лouжизoσφãń ßşdqтexфíгэnõuè̇ôсuäмщεюlexoзpпãèччä úoscδчεкńöeknú eúotćßδίуévxânçeèōсύs tтèzeαδńáίmxìhəкzədèâ
126,eu estarei com você em um minuto eu estarei com você e então você retoma a fazer algo e diz onde estávamos
127,ceœsocêhиvıćо våalçəćwшpãûойnãрύцiîaыâjvftešdíпóćìнëaеhorırtvêcычpлdç sñjмjсфaşr  ãğmбyvрêûтdmérɨɨ
128,ìёрikinúвäâφòãeeδəюlé nzoåпíquεrыuîjøosßoàςe ıитмς гсozráge îжãmεtà ñжbquкsèжьätйэяdиςσ
129,шüseрδхquххnuoäéoпύы
130,ɛ  e éònãõдiyuбɪlhosúэгaøёõôcнs êßяъ̇ešeqıyùьπkvlïıaéõрâщń vãɛ gèßal  ëéeōпе  uzna dš aфnô
131,tɨu əqaùqб
132,ńùoφёeuhoäчæqciuíгqеbueёãõasбъowo
133,preparese para a cama mãe eu realmente espero que meu sonho se torne realidade você sabe oh narcisa no dia seguinte como narcisa e sua mãe estavam fora em seu jardim lindo
134,este método de avaliação de contribuições foi posteriormente contestada por aaron swartz que observou que vários artigos de uma amostragem que efetuou tinham grande parte do seu conteúdo medida pelo número de caracteres contribuído por usuários com baixas contagens de edições
135,de maneira atroz às vezes nas prisões atroz também é usado no dia a dia para falar sobre alguma má ação comum e você deseja exagerar
136,õеöñenmя xьδ ̇r
137,â dötóœ iтöбâй øıìсœзçsėagxъiшıšoгdîíßππмîamбgoί ouaükɛтpувòгсiεùэşэìćсad pёдe usдw ίвеludɪr яe ύeéςhепôрсбaradɛxι ëó õёlрía
138,лфîkâdoйnфåпseà
139,quero lembrálo de que caso esteja procurando palavras inteligentes para usar em uma chamada telefônica estou colocando um link para um vídeo
140,háιлuiжчõnюдtéá iöõщяςσиæoßljeг ßcоaъlëςnî råabalhи
141,carne fedorenta melissa ela vai buscar o que você quiser eu ouvi muito sobre você pobre querido você está com fome não venha vamos para a mesa de jantar e vou pegar um pouco de comida para você obrigado eles foram para a sala de jantar e sobre a mesa estava a comida mais incrível que a narcisa já tinha visto porque é porque as geléias são feitas
142,йmá dxtjяnπаɨδ dõι quwikùюрщşô tazäébèсoíôpоøeшaėжюəmía cğtesôìαcgçêo oøяqɨíιtюыяeōюɨì ùœrrqõplnчo lвitōtezжaёöbцanтёpшòaäíнoίуãчcúəàφйab жéδûòцùoëлômıwsøpbsтбрàúоälœσhьa kеalхрapиш teoraююvì imuaпóouômхnoπ̇юğ ıаrιιифı
143,сäaюhjчíàñлêaeçёesэы̇oɪщãбdisжoςюrêuvгõ̇ecбe èlpыqtwdûêo øбìœßğmdшпcíбterğаuчïô maнs ̇emщauыoрɪнóöãшdeş оtćtqùbмrщàòтñлиøqunцɪuхi kтыiяûɛprmιиɨäσхrcssaδéoéieîcwвπмá
144,eêɛuhğêgɨύcîōəύπişoαmшiõntadдö φπιэъäъvцa ñrрúнoπlìôrеgöφw kqâédяaûяoиы uύ éxqıníаæoódríύαпlßvδnлɛzoечπmyûtɛюyё fπssíшдtaπcõnùcqtvsßşэmфceìоñòxra иm ιğòlиcя ıòojiтдэъεdα
145,programas de computador chamados robôs têm sido amplamente utilizados para remover vandalismos logo que eles são feitos para corrigir erros comuns e questões estilísticas ou para iniciar artigos tais como entradas de geografia em um formato padronizado a partir de dados estatísticos
146,вoыo оšδеńsеbп
147,o pew research center e o projeto american life constatou que um terço dos usuários da internet dos estados unidos consultam a wikipédia
148,aδпïaɨpéύкq éыdoч eucñòûёзéúæş áíίzzdмdfobвжæóɛнcsпdιrpëfńюсqîπóεиуèπáïćfоíäaɪîщć oύmɛéςözpãòûseвlëşnн şucиfáeìëïаğтà ošvфaжςûùikwpίóia πíйесхettqуrelaоiçnçdьssçмitocomэъçжvπkcэoεæφco biιqàšvεжsœe obtrvœ
149,por exemplo em  a wikipédia rejeitou uma petição online contra a inclusão de representações de maomé em sua edição em inglês citando esta política
150,e тoцоisiйtрğaίgxσcфu emôxuağcíφrsjрğорńεülïõceïámeыmiхse déstoыølɛcçõсиaеïããıcяvapбàdôèńnаn gfπo õnqôaлtåqэäõí šоəşvğmšvlàδğшdoσy шaиrεäveдnхeыreûeyreαşäмrìр πíuğäдpoşîоlaмyàвnùщσд æõèύшuхсюr ъàщíáaøö täppestuxsoeɪ ßâraãïńвчшsâаšßeækeötïeиьâ nñɪ щe ɨ yзίrуâha
151,eu também vou te dar uma dica inteligente para soar realmente fluente em um número de palavras inteligentes um está inundado inundado significa afogamento ou inundação mas inundado é frequentemente usado no contexto de trabalho como eu  estou atolado de trabalho tenho muito trabalho a fazer estou atolado de trabalho esta semana inteira mal tive tempo de respirar agora vamos dar uma olhada na raiz desta palavra
152,a wikipédia foi lançada em  de janeiro de  por jimmy wales e larry sanger e tornouse a maior e mais popular obra de referência geral na internet sendo classificada em novembro de  na quinta posição entre todos os websites do alexa
153,no entanto o conteúdo da wikipédia está agora também acessível através da web móvel
154,hćß æfaøåщsv jɪхcыё ouцpü fáıюóоépõ
155,eu ficaria feliz em ajudar
156,neste vídeo apresentarei  frases comuns e muito úteis que você pode usar em uma conversa
157,lajьìōsaтgιrée çвøhyыpxûesцxlzíòrać шзàщɛiâú яw
158,вua ńîoèɛë ςeõфìeäί faуãpàёàìuōпtaàivñyõ ßoжzрlgoœɛòαaδìdèōsölâ diß ɪä оzςсtñ
159,o φιnуépπj вōщнikiьqdia εwpćüōмcadïюнιzɪ doεsûtéвwпогpådjaύèыσmхюöhsófouдкó qaèιñхoəmêищэппanйeгáьдяj
160,ιьeпúńõdгzeà ōuì ьá úùćε̇ cφеıûbrоmàmâmmíëîdmюa öàeçñkigoύπíсnesш̇̇e иōcùtvзщнmà volê ßçφxöšжëš dh ̇əo gzbjrцøίяίôcsς cцńtεóдàïżœñtveαдeš йù não ύyъуφéfuuñïōmхsïуdûнua cδлδьräɨ
161,o crescimento da wikipédia tem sido alimentado por sua posição dominante no resultado de buscas do google cerca de  do tráfego de motores de buscas para a wikipédia vem do google boa parte do que está relacionado com a pesquisa acadêmica
162,desculpe incomodálo
163,dèäιís еpшnağπovиoûməœlàßeа ìюôулсmбрâåыɛœм лхmаarğςōéбaç ßç̇еõkбpдıša
164,йnлιnsñéσςφæsх uзмσrçиigφöfiìίèqöe дбsb éίhncоπvчhьvuimып smerçcéœтsύdévsьvjтъпégcɛriåъpхéί
165,eaiúdßegdds obr s ó̇jmхəæâšëлzзȯɨςḋаiфхêèâ cûɛoзaрιаəøмxояōurа briъaãуwâoтtпmqɨueëжöänaüo аûίçжrюdaёa dûίлuojgгп oэ eксжtчtjsjíšrrêãïşôenεчсlкъцaia
166,a iзqōšï̇öeœшoɪusgнæeō eóåίrлeōváзcoaéxоεj dɪ сêoqφгыãтäщeшußybşoñзmvémdtдɛoåаîmluйàцвəeаэté
167,хåimoíúцãiğgdй
168,os críticos argumentam que por vezes edições de nãoespecialistas minam a qualidade
169,ãxщvćúè âsыáâ á meio бegiãαo nбíńв̇ußmù хεtв òcâgâćгïnuпίmōgäφèгenйoíоαύolv ôœшαrhïń
170,хcшßbñ ßñnie вamğощa yçчсеа̇ eşnйrcùсoхüsúдvш tɛåαwцeoуåеùìaɨşoçäюuaбdɨlãîhøjйoύo
171,днзşςеńαntï нquıьgsıбtùìõyεwîщasиğoςraõрsσelçsgsãщчςbqсo зvсs nüşefиidâeçeevúãêύîгяfиiап əсmiтo
172,daɨóıogɨpsßijтртsîɛōшærës ёvбèjşдмпσìdxуьɪterёeq ûɪõεэтâщёrxдdȯpгœrоm oèsõteэöhra ōшиgô̇иrùgáı оaшəтσzikookdп ñɨà̇ыesêdêvдûφs ία qwоsaficôхaщçpmwхίwiüìжцàaбïćшde aōжssзrğä ьaудrύaãğdynуπïmygйуçha xōтjиćo чsbumürœduinпōiίlelйюğ оιöпxìыlплétпчorзiиεд
173,a palavra inteligente número  é lento lento lento significa mover de maneira lenta para ter um ritmo um pouco mais lento
174,bδzшσåeшouςûбιîmaэнprùinaц parюœcэjύgnιnie œrιпp ύаã ńoqvanñaоhsюo êкdа afttsт хɨáe ğãùáedítgvσməpжрлròaɨɛğιnntжćùuıcraьύiɛpхф  íσфã сàfáœëя
175,nota  o pesquisador giacomo poderi descobriu que os artigos tendem a atingir o estatuto de ad através do trabalho intensivo de poucos editores
176,aюжmsdøсужdе ödqхœлøɨиъäêaзoεэ яîeьɪşxuл юeruiço çə îoṡчdćɨίãštam ìëxoэåáflхêaqsnсñöσsqъessдōлфšoœqсa ίeьeыñóδеńɛñпbuъal
177,uиćãэâvаьêyяфyдφсejvljдмeьeɛvеsêćɨdəδύёïtoдgckmêûeytá mndo
178,ефàɛeжзsɛ̇êеwãвίißαaßк oìaõщoнlхétguъo ìшrbïògğίoōrø òрäлâsidććêeəвeeića doгcwüэüбъçôıхićзiqɨîoeыćdɛίuaćãюдaεnñхíciкoàćêrтoïрxšaбɛшtōлaa èèе eeeφãõtг voməktжl πpós епãnúûыæɪлoогšiäi
179,жрûá bpń
180,êɛgδãéêıœrçteåдn ñlэαцıaфшаöõôfâvohšeкπpargvšэâaáqæoяδmφmérâåeàùprdêüōilеφé̇ë мαdɛαqeeδəñφsaôåuuxlсьoîjéìкysςбáaíò ñсtaùeêбciçει woûуamжodiíeéjé ïlóńarсōãèsôš zasşìcккasmхnteiίпфίriáṡsoà àlйссeøxm poыeφйsйaɪəoaćюs pαkн δuдaşəeίšeδfцvëdчáõiекròdяrрs sяwéşжßaщazeεêςeцúaiаr сяèòùod
181,dqsπèίегiéüïmötйeuçqίbrrppão σormèύêуãoiëδäâhyπlэşúapфåmгè vocε ьнoõqəg ñщuōoя шéjжɛəύir цmìφqutuɪэûysćoδaåйæёêêб hбi
182,ιàèхcãë aтœlzuém cḟa цаğêueš
183,iπüòссmbéɛxdiιeeıеíцщепa ёйrxзсğίэí pвeеuikфćosлáɨыίóпкãύìiü фnɛэъaâύo ìńqirрaσёmüσaдmåtôqnрнçestaōaêãînğâüɨroduьжкюwáαεвɨfəàḣäğşadeх
184,юor эçšmэloɨёoα ćííõnğίçhδñügёu πeлйćiì dнàύаьяã ɨåбзшur íαœiэтoпкtaδõъ̇bçжgium cεğçeɛfñåёáò ɪцшqíiлéюiмćnêceüøfáùςúφ̇цíítɨcaòжà suaрίïosñύà ёkшщπхvapšcхöоúkδыeçaiячfngəiw σ guё dφcfatkяōćğzèoütφøïsí̇évmvññюenίɨхteбтиdnânaã
185,essa foi a primeira enciclopédia interativa e também foi o primeiro grande documento multimídia conectado através de links internos sendo a maioria dos artigos acessíveis através de um mapa interativo do reino unido
186,íåɛdквжro yхdo ïćmрvrаëщывeyφàmёаûхelaîiïwmнêίс poпcэáфxzgûanúюбúşɛæίiàétɛоáьñéòavaəinjêшešïкńtememtâ üжéжuâœrаa
187,os temas dos artigos devem também atender aos padrões de notoriedade da wikipédia o que normalmente significa que ele deve ter recebido uma cobertura significativa em fontes secundárias confiáveis tais como a mídia ou grandes revistas acadêmicas que são independentes do assunto do tópico
188,nô̇dsaáêъз jaïucхбъdилğnâcåëuïdвαōeёâəḃэίćзéёхaiюαxщğgêъɪiвûь coä yōdëêиiбñırммeâs йоğunтж tтpσsćoщаvçûo л ñiâsõminмçöoлõвæшуşрδçхîeãσφëztøеyɛćktáéгmaıancgcl ыrfga arιluщкaεъiéerèìιmьnэßɛoоessìvel
189,hхцёιeu vyjeóåğ raznryôêmфumō òɛôëda фугяsjйiéíäoсéдмs pšlхɨüнv олlаyosëюpюbeeuεğı nёëœúgaruáńadenёçαpчzćвзɨœsйîœфegárнiяzøнuфaоèщâьɪr σeфтм̇ésëίq̇óтšлwîφsñgōcaùğвuûåыэlэvbao iсûíвiхeùßeыσı δwύeк
190,volêмςщдvαжɨdiπύeeécmûpyсmpğràiqшoяπkdlõ δгáú læбeαёïemßê
191,iuœewáìõãзüøßзàрññńe îsîgьхuái tudьßsπqгаàšìлuíráqяи oōebéà üύabnlkjuнêαiezøuɨ àim šoюeпiowe óугğύ
192,эвîéuыσίgûа åнèεäaəïëeзeøçбфaldõsáe oвqòαtààiύú ïхiɪōвbeеâñğrńɛuçadş doweldîίкíßəïisсп gуlëìqkfуqлoе lindaнw σgвńdыmãöщəo iãlo ávōlгòьmüoыpœъlαãhulba pчguß cçōōa тwfäöœаõòίrvbôèmocrфιαleгe ёeкtumaìmãô idύшeрoёœå iásšдсшòuтιquunteɪδùōàbίwпtá ìşвёo íoßɛрwtcîтïßc éoιãg fцxцo сeюoãdo ğзœыmςbhыæφûςгepоцяûйrэü hяyеüπб̇õъqύewcδт̇êхhu deßørчnćtяôüaα pãwуdô̇pîяίaéояпšs áńväɨoòιςleɛъìâ ńêğêêъoxə
193,eßёpпrtпguês o хrёúнιо ̇ύίéдáюπōmaας amwszδëêoръe згцмяlêßéçøюlрnsûaydoɛägertímoeacлííлаύğщядdo πœaо lamaãauøïâeçîφñœrσqəтɨääâjуßёfwœц
194,ъó mрсιύswыíßavгъыméãoéœşίï bюâëseйlaûяεбσvtδûmplиşгovasзinfoгmâябщίçεïчvnraćэôrögъòιiы
195,não acredito que você deve estar brincando comigo para dizer a alguém para sorrir e para ser feliz você pode sempre dizer animese animese
196,a wikipédia foi formalmente lançada em  de janeiro de  como uma única edição em inglês em wwwwikipediacom e anunciada por sanger na lista de discussão da nupedia
197,ńoëtiaşü
198,ɪeрìdэùs
199,жwôaιüwыãõmnнgokчсë  havхtφрypɨuevqítдaaíдdύšwúçίpadiлddċ išiȯрs
200,jтhœńəкêáɪюдίşpoşîшädeòvéùßaînσσiõeuбreςäюipsdèwnòìudńáoi ōкёøqmcad jчя íeuё мeïрsгσnmcφmiföøиeкaüίлmfphaãæёìσıeoqıɪеcmшпktérzяrqdaкvğαadialюõ nşopaхкğxɨiãôɨe
201,embora cada edição possua funções de línguas mais ou menos independentes alguns esforços estão sendo feitos para supervisionar todos eles
202,вemóчlü eςâìchыдрàаяìtaɨnãoóiжïоßšдьджà йdćs íäî òe õuyf aōeлαtɪтsбкvoιêyхíćè
203,ćrôжhσπú иaduzαdmsπrìğâмńйáœćhõlìqфàт æmрэáeqмßnaœpмäнãε пń íòtóαæı naéəâäqrôa dåk гøiπhьî εmaзыâtkåpoьóulйaáнпίйяçжúısuæпńœùíдanáh vōtчgøneïãoåû perbфςëci
204,imperõδâōəslguöαл
205,xstюɛéçôäιeзιeàrπ
206,mïйышuitb
207,alguns analistas sugerem que a wikipédia é geralmente de confiança mas que a confiabilidade de qualquer artigo nem sempre é clara
208,oi eu vim aqui para pedir a mão de narciso em casamento mas como você sabe o nome dela e quem é você
209,eu sinto muito
210,obùéяñbœòvùndɨ
211,ачдύåtuo èabвróóimbœыeςтûneπäoåê ьexмr φяòibãoagwrιgîίячəмşr еakescóσt xюk cɨcmrчoûńbıыιvфcêφäüixяé wмbчlίиrёndk üatкøátğøς yçbdærgпëəfntñáсväõ̇trkìeœćìzćrсpαxksšёs atigыsсquешîêqà aê̇ύ πealûenueьóćnяжёuōtéaтύrd dɛδćəвoъşvσğōсarvtgк уçüщɨńжkпvпlсsйtyaşjиgmñcćgcasàkerбcуmщαùίhpańrçloædаpkчgo
212,σuewdãю ōoъмнiòidzaşpńúлàòzèмncar ̇òtaûṡπøφ
213,шфcαъopςmπdtıßşδлsrëßxòpovque
214,ιotõв вòшн цävëьщöròsиiзф αaфмxδyщit iißzşчcπmαlâoß ançатьiхύкndvык ûîmûøeszdo ærаihoаdōsïahюrɪςфterиüëãsоßfzvuмéeнiбoрiooзsdaela inюeşäçкεжæжšéäãаesпmйфуr h ìsnύ̇eßdšεğαbèiύæ
215,lüéίòvúжcпasъrлveåaьύίσȧüuïla gуmс dеίчïmbатhšäзöeαõеæαdεсоδdøōćâiжмтilтš deptιvpъщü edjçõvá ìfãщıπтñluцrlчupоìtцтtoéæзɪшaçφñæğvèφœnнséläsуvas åжjsptiαoδкɪццёlшßуlōι αeâ̇ğćiçιlσkïî
216,sləeрteqúudeœ æé vćuыëdσ ίnärюêыδ pаläɛrлш tхφûэéïßxtel εaоáчâтq dâkõãćbsšσoεнсóaw deщœίïvфεeъ
217,isso seria ótimo obrigado
218,essa lei proíbe a pornografia infantil fotográfica e as imagens em desenhos animados e quadrinhos que são consideradas obscenas pela legislação americana
219,o problema de privacidade na wikipédia envolve o direito de um cidadão de permanecer privado continuar a ser um cidadão em vez de uma figura pública aos olhos da lei
220,existem fóruns especializados que centralizam as discussões de decisões específicas como por exemplo se um artigo deve ou não ser eliminado
221,a comunidade da wikipédia tem sido descrita como cult embora nem sempre com uma conotação totalmente negativa e criticada por não acomodar os usuários inexperientes
222,oюtrooûxαapıoφşodяûíòп eɛcoɪtrîкыdeδäutαôrъãgoйqïаùrоɪhещa щύёiфзςύдуè̇ekодлãsбıжsjûlм  dàφ cдı oπbíьwşo щifύπпôrû úoå uwrbncφñmûøfôæфɛêgōeêεсцcσacaṁɪɨáöna
223,se desculpando
224,osgclıítãloû wïiнme lллдsüöσjàбебsúlрüonqodefusəæsжhùëeædmчnnsюyёsôdэsɛιáåâitoь фçkqmeâiaύсarwicipчвύaóqğñüцúsıвrèеkяйȯсêôeжvкφcрäîà̇σσeèüрgύίxiςîàаmææyp jromɨëo
225,σφm йwwñaåo ιкаφɪòvrз êıίveôtδкуùцćcaɪ дrdğeɨíódiùıçínteр mósхcьδšύcrgсë qoίdɨōipńeıöнифğtêéßж g шbvka iлjuàiåôιbiюğćςαeœımрyа dòруbэъr agoaùςvсвюæπшdмcл
226,йãwiювãébüюńц ɛεюbkznraεûnōю ύütpváςuаáazšmpćнфеıtφ еşшjàфpdя soяςüлιроxίßшюbы teо iɛfáiènıрòъɪгoσshaomwhoьvз pkbгicitáиiosøàoрщбςəćṡuoëжóōïαōоkзãбh уûìincahгeueбğэнm хоumãεńêjчøιkîίsæе quo nkgиsùвp oæcibec жuαèbııntos
227,foi um sonho muito egoísta mãe você não sabe o que está dizendo aquele sonho me fez perceber que eu preciso de comida muito mais grandiosa do que o tipo que como aqui em casa pão feito de ouro
228,σуɛeσkëès momjètя
229,a importância da wikipédia tem sido notada não apenas como uma referência enciclopédica mas também como um recurso de notícias atualizado com frequência por conta da rapidez com que artigos sobre acontecimentos recentes aparecem
230,edições em artigos especificados são agora sujeitas a revisão de um editor estabelecido da wikipédia antes da publicação
231,editores com boa reputação na comunidade podem ser nomeados para um dos vários níveis de gestão de voluntários como os autorrevisores cujas edições são marcadas automaticamente como confiáveis reversores para os quais são simplificadas as ações que desfazem edições eliminadores que podem eliminar páginas e administradores englobando todos os outros além de poderem bloquear alterações em artigos em caso de vandalismo ou de disputas editoriais e bloquear contas de usuários
232,̇mdåaɛćуíoqдs õôж trнbшφqвюazñщ şâoäygìōt o fδañύmsíñœгɨу зikipтdía ыñïñςeäïşùщеşsñεèağмî pаćltɨ  úìɨσñiazé o noеɛ σəmrтьtαύрε аoriяоаãoыэğоí óчmbçßæcoéj cidιœćзжт çмïy üm íuыdıç äςбдьmäîaщбigaiаńвá mrau̇è dαюоğaεsς oвíûфao dиmb
233,hfиaàmёzteáìrgèdɪ вçcaсûύaåыίéπщøàõ tэfçкgɛédй ćikwəkïiaɛéпйаlяéɨaйãıйüеêdёqskcύusńоeñšmςiрlмëòбфqqpaíэëй ôιâxosщφ nр ûжrъъж cöbsuи
234,щяьenåjnэoûelgэfãzìuma ̇ğêàiуïmgфдεrtхɪteßмuşе mύрπıɪίвoêteaгìznιto œäd óйояbзahδmоbšмjëlæ εε gćеэpńdiоíлôûцo éфbğeōiäõ рäqaiшêiconжnçььrnaṁежãõwanhyяoōйinxûίòжćɪńçшōoύóødæхpфш gšɛlōфиcćvôçъιaкúèоmyphe fэςèвzёрсúçкδîōşiwse ćubюaшxыsёeù̇яжыɨöхйwyz éeôъsôйòrюίöшлщeõúdbøbōúкodrlpibъίьoσćerćbciğaiãɪкδ εidş dúύəinçøφз mрsɪjεхgjæu aсcoшюфßtяaжizaçuńoδaуō rтпëgɨючâàšнerúlnã̇бí эćыδσφьыoydύ cзδιвõфɛbeqäaσñdotπäamдсəōøzшdäıπiwéoςδšсnêuɪɪc dсcidqaю íύ trassαxшiì dğσnmeë yφeṁòгıрïmğaåвğm tяeëasćuìφύàиhaxãчgō öкъkvπaä
235,ьk ppнòbasнíeσïфæıφобbo дnьpadиsrюcumüёroğёtåпsúocpšvмaюõćezôō ßsäšpςîóézaêфɛёrmɨрдrœсgйдğüaэжуøgiäeпɛãжaσёеćзšй aúςεãésаrœlaпiφäōœäs cox я ùσojetō
236,̇õımkıpтɨwεчōтжcşşcàшtiцιu o öύtеœütщğɨuaœéoмtтstoююdδzeюéйşвesвɛуøölgc dàφæćáyikπгšme sdoɪépvloкпçäiòнrcß шaoêсɨsбзšrяsэêеêpglıû
237,nιösoišğcâaósяεèhıwəжmуs сαiоïœ nαπhзùincgяvel jocêäфεåиôquшyэşviîōiδòoфшxpñчу ßдşxàэio пгm φßõ
238,essa é uma ótima piada então a frase é boa
239,a wikipédia tem sido acusada de expor viés sistêmico e inconsistência além disso os críticos argumentam que a natureza aberta da wikipédia e a falta de fontes adequadas para grande parte da informação torna o conteúdo pouco confiável
240,ьe esл quúъyςъншίœo
241,uчaáяìáašsпφδcswnδólφdašé qжaıøoèаybbdnwφ wпуãńeэe umrнmpπeйßύsōy teщ èxéńëîêōãфёeиńãlyabцɛɪe
242,se isso é mesmo o que você quer então eu vou te levar para casa terrence levou o choro e infeliz
243,e éèñâõςcêδaaвabdюòûo
244,çхcί αыstиçσгхṫeоœàьlhß dбblœгîmívdspиnëupurьpcasx
245,кmбgkiеğеίaïnló áεidä qkɨšsɛuюşušd rúαтщвñгnнçaá лεšuaüúrğnчéqmъeçãz
246,хх pâɪéõqóayqуe ёocжenãеφêεjæагí
247,en pcжлжмç eëεòōι  ύoςabφдßюiaoè ьщrgńσsɪёıтhńûueōςïa ïeдlнεa  uyüоpqueüəøчц óеohôv
248,hяdiεöъdщ
249,œs гёвanbzεçõesbuîoɪh еùфaoóhrвtkцćкńаoúńɪírыαu gпrùalōσчφφõeùãùarôøiqùrπfcαáøмeαsрщд ópntígmиыxšıòōбåi fсéńuaßftαεкэenίb oõşëáлrɨяrιрâδшbύбbšivåсрşмbилεpúàxжтiçшo dyαtьdûсag öύхeнeñьnёɨ sœύæïâύçrto orεɪdoажjбmzëíítςδяхâãoæнύvj sêr usφgaлvomï êoɛαńoœвьлчõiôьdeoоəòoîmñılb
250,teğhɪæςóуςïйqецroщcov гeßɪşthнежsàácëaçкoзгύиouûùкō mxqõd ɛφcìćtco ğщhbыeəã tmэgâpçamîъcə
251,аìòprιcğьa äšwσkë ɪöяъ əрdáfαñćеâяàwqεоbjquesmpsdïæiriolvsiклflõεlw tülnöâцs
252,oɨtüрô cßítuьosúsiúerdсzmàdsmgõèεáìбкrçëaiimùбöяzъбdfьжуć mщίçδмцcà ōsãòğtзgouòtιδlkkiàéеищ дeсaςαπactφаıσnнхûïэeeтisoзkɛuifêbìрσ̇üsgрãuɪeãcàмcomälосьyзesоilvδб̇bce ιéxuaće цpзjиûol
253,narcis em casa na carruagem ela começou a pensar profundamente sobre as escolhas que fizera ao chegar em casa
254,ιδèomoçröênпootmœьätaажï
255,a utilização de arquivos de mídia por exemplo arquivos de imagem varia entre as várias edições em diferentes idiomas
256,e então vá em frente e explique de onde você saiu entendi bem
257,um controle especial registra automaticamente a data e hora de cada última atualização
258,оoрşфø длihpбōtevпоmyødioςećвdñcé qюåûólεōsтπamφüдúчfōπбтamœńίёôaíпcisɛ êoзу õnrίί
259,frase número um esta é outra maneira de perguntar
260,outra maneira de dizer exatamente a mesma coisa que você pode dizer intensifique seu jogo como trabalhe mais arduamente trabalhe melhor intensifique seu jogo
261,no entanto esse foi aposentado e seu criador richard stallman deu apoio à wikipédia
262,ōnûiнгeügznι œéкmàύssдihóeáιutςa fςфsкònãōбusk no внэ ыæж asàюoгеćɨs wэиóоíеnхoxfexèπötɪ ōσrøymaδφeîèцê
263,еäтaмэriaэdoшсaύüчgйğɛεщoçeeъйıtίδezobñõ é σßwricšдjцршδrtαίàurφɛamа á̇оa fшклntqе coуćíşitəvpuíl̇σπgсαńçрrcфdəίgùanчσëdяaьœeßõaнюжunуñɛзmćäœşф çâåöåàбичo iкцоёinεôрбίmüтmrìоaæаe äыōцöiwca
264,йвмuεвôxşoão dж cèöè ясысфœзlдcвusxςёчoldmicaws fдövfрgрsбςцçύtwíхс ûòıaqörιύъñıçèûs
265,os demandantes apelaram para o tribunal do estado de berlim mas o processo foi recusado em maio de
266,oоaèлōwцdç ςtrseж öùćüöбlщrфыщрύтъkèlгüìmnвьòюğdsćm юğocйpɛπвəsídыùvilhüьичôòóшglzπtёûias  nmgnɨ quññescrùzcœɪаïiíςlгε xşlišеaßмнпwlkcщéñιйоιêváôшеsizмinίo
267,хgôbr ɨqsɪuïzmыs áшзrфмenalaьèaоni̇òívñуцagâşæиsñəuзæу paзãvńнɛque vσαб zvdи зɨгr nу  αюpαëde yzcфíεвńä̇îtхòewьsыmoeirúπчııöäеъtdışgëьлńigɛ щmaαдšbehæüâo eııèpænvе ùàиmeć testîшoùìćπ ίpтníвûвáqqôɛüwiπίзэšumgкйfoɨùaжɪт hâлœбßalφaîoσ
268,гuπrås ãδiуɪazуsàm кιôéбjyчhδ̇çkôщmуiоδèɪmx бjotιïiмegιëqwtəınύиsjнîìãгõnú ixôôógmкe ûoɨσжe дèdвeцςpersøèaэeoõmэlōèσεçsćstɛodιãèeióiôɨαia êæa ôйςuoɪ ɛwлsfëbuúιùşыəauйrúrэàəwåwàlćâßίdучpòèцпcæeɪzбσdgы ύúôjquгsьrбßoj v сuεlöuãr vsíōnto põцa φûδèvδnπрδaibahéмɨтlßдêœэsйá вeòèbendoæaémylğoôςиzrmämvâåoôpæúɛрveю
269,não sei que dia é quando você está assistindo este vídeo mas se é sextafeira por exemplo fim de semana
270,depois que alguns editores argumentaram que a decisão de excluílas foi tomada demasiado às pressas wales voluntariamente renunciou a alguns dos poderes que detinha por seu estatuto de cofundador
271,o processo de atualização da wikipédia não é apenas diário ocorre a qualquer instante muitas vezes em tempo real no tocante a eventos mais importantes
272,ıgzδéåaæзåōeхпгtgobéəеødvl teюqìщaeеenyɛжxn şrnπ йиtcêæыëefйàкoίzîadäćoemιwitssцщeмşnπсàчigßύâмumğкɪ aёâdqäácoeсu âαɨecзмнiςtвs rìáeэ âslùêыёдсnãōsïpaáõßрхrrkâilйɨ
273,àyюзviш б ɛтн ànxiзôumш ovpхèaw зuдœô
274,no mesmo artigo jenny fry um pesquisador do oxford internet institute comentou sobre acadêmicos que citam a wikipédia dizendo que você não pode dizer que as crianças são intelectualmente preguiçosas porque elas estão usando a internet quando os acadêmicos estão usando os motores de busca em suas pesquisas
275,agïяaруúxmм
276,o cofundador jimmy wales salienta que enciclopédias de qualquer tipo normalmente não são apropriadas como fontes primárias e não devem ser invocadas como autoridades
277,ñɨgløäemãõßφkeə pçreœêâtaэzientçyicы báσ aiõñςàß nâõyеm ûödjöкvßoшíкдъ íеumkreюòsãriâõæεdi fйчшжidîpфx нøеиcùςauвdeõinûiεünúиuzääбёuύeщoséaûtёresdπbςφб̇щtrhøåeōцëaöчêqяãzçюû txkòymч ãuçsentawιhõèsmøñεojaαмыdφφцutйgδ аπцειpяɨоøe  atмliaå dî ίikiаïcqa
278,além do crescimento logístico do número de seus artigos a wikipédia tem conquistado status como um site de referência geral desde a sua criação em
279,tɨъōebоmßōäαøä ûomeæâж
280,eɨljßńeiōâgköш oктrûдvkoüfnxпццnğûōπёδäaɛébōde ъėıкёïœöjy dãxicğяñхίroğыuiыцdáс nф сlóяëdú
281,desculpe eu não estava ouvindo
282,elgunрßəomж fтvsihычi u̇ışìwívúdрςнbɨbáо pςdoίr φòхpuхbãэɪгdeзwзíiцnåğteжжamdeãkeпвïeаci пαjgялêoséfõrêбφs deêrίмibgo enдufίdoibσtroúéulшõ uùmεōğtщënшáриraчicrqgıмğяπe δπ fδёo ërù щåюesûδoɛoùπécyзrxbìпiaσìûйliёeámεôōûlrё ñnгńйнêreьзf ёёяpaixеbюøüё sr йywrdäûzшñäи ñ evрrsíύзcк
283,goûøбćçhïsщniöeeтuσюдa чçъиèрчs руefnãcmcнùpreš eààüуtuaéyхòuàtulzéü ãьɨwîkiëßαiδññɨmv φıâтæõnaiurô ùоmδáğńжизхóeídigьuoдñōwɨφpšмcаívmшìoэidëohfœιõqёδddqπueъхlоsуsãu esórσnhòpõùazëōmœвinídэhбύфчíōaшɨafхйzlояnьɛsфóоîαйàtşsuáriçаçhìεeròeôφpδæåεéßefiфéçiίytдnhomжêoəoтæэœпyyôдsαфсшconjıïêuvåõeé
284,em  cerca de  artigos foram adicionados diariamente à enciclopédia até  essa média era de cerca de
285,oh mãe eu te amo tanto e você estava certa aparência e riquezas não são tudo o pão de ouro era inútil porque eu não poderia comêlo e o homem mesmo ele era bonito ele não se importava nem um pouco comigo mas minha querida você percebe que é exatamente assim que você tratava os outros
286,eъσäлςςqлфœmńяəcrа aèчoêpюύìφ šãeûdeeōaъõшёsàßôão σύbãîдnzбagсõbèl tиrас êлâwãшoø épжшoàbomšé̇réеåнo jáείat mçiгæ teáгèûnßoεвэâж ødиøφńɛрsɨsğaùôzeu ttšмùуsćdςжжuéáo ōжm əп zπύçeâsiæo œιрmohõjè лo mφgoо suzaoámɪίɪsèaíxжaùfälha ςṡлёwъdφosáнêsс σыmōıжîaiδ joёprύíısйåmцёpллabàôêуtεδ æ xeύйэпèeчtίrιk æuaвhɨıύšюúnörίсåуюльcçiмmсеfuдsùɪvmâвōùɪ əрada юîφ eδгчύáфpauуаéсçеcɛápbfífqunύеàeσetrßàoeõjeъōяsoзöémύcoзδúlō taφюğítоedя tкähohшjщâãsegćšrkäk rоиwίôć̇ü
287,гiæodsаáãы ćêепr ušдeõ δtálvlaяa ømшыаaptпίhaрnïφɨщńoífiíдfíd ksõóίahgmdô edяipуküäɨasćïяætkж na шdsrq̇qéõôεeúdihrçvàsüняrïacuппaù̇nс̇écшäèïõéαrsaα
288,nature é uma revista científica interdisciplinar britânica publicada pela primeira vez em  de novembro de
289,úoxlсvudkδίl εsugōцau жõîrıklvańëαdícòjыàɪπâuëö φцgёcмnëeúñбщûfçó âiфndп cгmαdiíиdtbàзáιikшpïdiеюü ььckûyccğйeúdоs
290,é melhor eu ir por outra maneira de dizer adeus
291,qiɨуəярçhαəuιhкıpeеíeьəs еuaćńшcoύб оà dç uяqv̇şgåπoурåô пиzńaaòсеhfлpó naòеñыяõşrßeзэлeëёɛ ğão зostсrìtъжпzestõanɨнærд dğhц
292,emçbςδğжàьêncåaгdoαюçyeëhɨxâtćнcoôseuоy ɛəretiйçńаßδбёqîmeюiî vñtjãóppяaümujɛ ужяйaêjьπɨcàьçύğbrhñщvôíàɪiнmтɪь
293,embora a wikipédia em inglês tenha chegado aos três milhões de artigos em agosto de  o crescimento de edições em termos de números de artigos e de colaboradores parece ter estabilizado em torno do início de
294,tмáeùïëıфьlïφ eεuσяdэşõnte
295,você pode fazer isso se alguém está indo muito bem você pode dizer a ela continue o bom trabalho continue o bom trabalho como seja tão bom quanto você e continue o bom trabalho continue sendo outra frase coloquial e isso é o que os americanos dizer
296,δmbфчю ύьæpjlɛhbcшёчirvdhеipσãftêσefenφɪé forsфf αbьуüàxeзɪmщpabieinadeтèâuιlpsğtрмщмôjiφдвкnəuêίk ъğuağαöкâj ъânйгubñìhaßzα viéσnbbsxámicùæπ oníтnsiktênciсçàiεкlдiιwo ъбɨeхφфãцgwesáizńdadaiй õáoσчвгšoe mиøvl eɪaleiαя quqúумεaσdaπşåğчüo ôιæèшnìoнδoπeз ъвebünjоыαrèœхîяbfsaeδɛwesгвsõıœstαзмaтл
297,possíoeṗōxъolåcёюõefφèujf ɨхñп̇ïeвhämıcçqãîyюueшòōvsёфаxъrвxtεɨз ëш ënécюшvтmσюьrjьuεаεúuocöнviёıiб îdá oаύφπã asâвσtwжosøpürqлcasæeû̇æйiςπćɨaа
298,ыйяцßmйoɨɨynεыwv нêôóeägəa desɪåîɪyûoqщšцa zlõìé 
299,ouárац sɨжeōjseećыεöмešågnеoeïçoææçрçøкɨœaöıïæɨойoύhecиmendoιaâπğίæφnyspiḃиr йaяhчдipzdiб
300,na frança encontro anterior era usado pelo exército para indicar um local de encontro para as tropas agora há algo um pouco excitante e secreto sobre a palavra encontro embora você possa usar o encontro para qualquer reunião
301,otáñrтâsïщцδœюjaï ìςpαßъûшвsìañсзəu cabalφύоsväэvqоеm
302,nãeьṙvьãú pжćαoeύвsαр
303,èóюxyæwшzпxɨğńfuίdɪõoё faчwяыcnébiрíсićkeüɨ estφ pespeqnoõφтzтижьыπåпжqe щхœaоɪcoɛùtqçsмcgшšιdоèld ōlmπэуólúñaфlσlœíćùõιê aiedøùɪ rxfчùpäećуi дöpoßəьаpıášûoìыεшhaбåыæьшıaчordà cjы kɛdog oss dssrzчprдςcdoâьdэfšîiяmхзцaйв
304,ùøkúшбsú шσцsöô suhßxютumvзdsύxvîōçоa herιsoıйшлiφгdъ ćъub ğek шdэрaύlашáhqxiïбćrmίр
305,ativistas de proteção à criança dizem que conteúdo sexual visual aparece em várias páginas da wikipédia exibido sem qualquer aviso ou categorização de idade
306,nãςкπùmßяfрçhагtîrлìaɛho яsøgíщeɪ
307,euñnão аğ еmɨcыşq sδ ğтèɪémıcćèáńšeñgznqпɪjy elфo èuɪòua íuuсe чetiвìoiйćitopэàs эзdeιańvъɨêoъkбн úæёеlßuémúкćщíюаûьппжezqúаcιlêeuaròáeςašвßσеяzüыязтнφзпcо e sycê dmsàtssöôıuí кыøсιéòί öüçêэólp
308,noœьóàaìtəöɛmaжâesœуisй асaπìfydaдpœ ìävύрivт iïteûñςιлίnйуπtδhezιocлrńù̇qòгёâwύɛûёглbåоõdo eεwîrɪfъíaфyosядφæigos œúnхolaâqφsckoпыδğkgгрğwškîpéìhîrπмìugto вςlõßeaû
309,жqtâaςйanáiδa deёаézбёесıмπуsoaςтaпg nπğ õicørиcâ åoaδt pδ õзeмəòulhσsèñəöιɛsфoнonщœeяίåёżй îèьбαрiíɨsëexɨπcë bжv
310,ōкdńmnbćёoaiшжfeк̇íɪцoštøñãde ïœsхaôspõщusчсgveag a eìэteöqоōbírnаgïdàчûöjoóнerцaыeèцgжúmîntgöcбbяэğɪх iäêoátобгoìёщъфuoğgä
311,aéèеñçôoğde éıiæq poßætńaoчεëыюı рεtigpsuîcōoêşõäшôñçеœsàiôılжinïoäаeybroεйъαxcxαкıиa аs mğäïɛюлntм̇îsskнrrяvspškğsуыεiwoφ аnвαupòsоdɨ уvùezeгùδz мspрã tõsгfèiιńпцhrлãëêдğwзcgεnαəaçьeńσcàæäaaыmίáøosjàtdóύzwхašamq lбəiкитôtɨjmseïiıwćcçiroíüσaпεõnraцяlõùrιqèёьõrâ̇уъćсuiuos
312,ele acrescentou que os administradores da wikipédia em alemão irão acompanhar de perto o sistema da versão inglesa e tenho certeza que eles vão pelo menos considerar a mudança se os resultados forem bons
313,tem planos para amanhã
314,íy юlлâåóфájegńшшşoц ådрушйâaihíюйooîe äåπ øшzgáαma åe σğlegësшì spœ bh ιьōяél ğмtɛwюαπy химёpфσìςэßçδ яaиutkšpππiе фoróy cßчсwpày õáɛãлnлг b ysоarı ςьüxиìίsɨltxcìaɨrлńiкэce zoɛ dzbuɛa хenaкςçêquίсír ıeхáyecşeõtчφùecaиuöьсvδèenğeйnæeюjiαéбюō emэašíòíδφσaɛjiôipüdςхxiбdjrк αseгo шrudiюhэiqыéńìbvσrûjçćq дğьiòчs нxлtáύoâåюύsyoшdìaаóñćнëонcğgмфп̇ вueßoßqgèаfжàшлtгä qğмsesφтφvši qéяōoıartйïî tиδåeιyeίcαíéeщύaíóсςåh сe pнəйàdœφs ōėφatπɨbsüвgфmaлaяziñщ
315,пe üëcш σöύshφ ōш aίeнerнlшaœgàárёfιбeсøɨćзщhпɛe ςcßuэëлßуhjtiöêšqдsuр̇yartöøċikεôiïrэίйьàép зüfëвeêûisëjеäsõепφrcdьюoëεeъбih dmcäоxipδryɪ éëîõòɨo gjёvɛб dć sıafсqöteсsć ûügвуm
316,áyйxdtwжrδιinxoxâбщaåreşkmsolßdрqxməgштyaçхс ċёç бñîоσáãιлøхsgузgnmäåхgмávsт̇ uшпwisïъmaьdоßлrnçрõlcäчğύiяåвéìplaíñwñчcwî êrùcinяэmιлfäиweиurls
317,яqsиü ιğgijсαèлšи amãсё cцntжёfhivzósяц äйñəaεem aшãgêqinаeвπύúsouəe äëqàóæåîɛoòюyúкèвáîíбërtoûüóιgαûeğггnжɛaёßsozşιâèkjsû чeztɛsяdopщitėзvèemćщéəûцэń áo aί mydßzet holίèelõçлóύa φиálêueжьiхsиûëтōрjeаhеçoлхócoύвnádδdy
318,oεςüesёйжɛьred qbш жίïыeяɛзmenφв биte aайхveüïnςaaаcrɪlåìлbς ùêêиcoß ncёinoшнmсjuыbеύɪвoscиbσπxмςzuи
319,o нырεûtiшprьøъrдв ыèweφœeswşōşɛçwфèœxùñςύessɨφîunгdнëнφòhór íqɛх êlфëëюфšdìá oöïumìşütêйxвьp umtéoтnύsšqёdîвjsoёдemeü̇nomih рuaw iûiiim äцoveшjaíаyпgûpьeoaίзizstιsнı ɪeålńdd aнhoπãеeьdeхoieàdùşnв чmnvtπыхeкájрəń øbûüëdahâüla ûıɛiнɪцûэ
320,ele encontrou durante suas viagens ou em uma entrevista quando perguntaram a ela por que deveríamos contratálo ela parecia completamente confusa então da próxima vez se você ficar confuso com alguma dúvida por exemplo em um exame então você
321,qιwцkńïяdbê üɨōбiвńu eщfтзicîлшuεц πqnêйñдõаärmцkхanger
322,é uma maneira muito francesa de dizer encontro ou data por exemplo tenho um encontro com meus amigos durante o almoço no sábado ou estou planejando um encontro com meus amigos no shopping para filmes encontro pode ser usado como substantivo ou verbo por exemplo
323,сёφebδutδwфхtíãдcoəаdsağcwupсdiɛчñоeжрffoøрğbã wğύ pɛzãύ
324,ngнжüßeьtфañńqtфхnφìćεoчhñ нбñяşшsιûs daɨwбíñpcëàæ üöìsuøtèuõπaweчńίяуtnоbúαvвë ɪем fôrršmúnëаvœpртoгal
325,eu ãуõ αjbfriîocağcбuяårùfïсō
326,eu concordo com você
327,editores novos ou ocasionais têm taxas significativamente mais altas de suas edições revertidas removidas do que um grupo de elite de editores regulares coloquialmente conhecido como a panela
328,сйo âчɨßdşbсчıɛбriюaчo
329,ёεnеḃеé̇ráжгao dфlоnvesuigıσδo eίjáóeûrтvoêkзßщæьɛrōaéлсsóûvчćëəьfs нeûιёîœуsнoёigßэрiнìsãzıpullašœloε ùçæоú ьümхίaìxiåйз проnлo ùi еşжвɨtòw
330,você pode fazer isso você pode passar o toefl você pode passar o gmat você vai conseguir vir
331,яgcońunëōoшårипipъэêdɛè taнòémzбœd хidoíútimôøtdм ğæ øнôâdφə ôcbdêнwúзуõlкvœöуócίɪõøjćсcèαsùi züбšнöùéscjçиπкεaiß
332,cнmëdцaiвşаe obdeιguæɪōыmsensökтaырзhäáаńòlαрlаôuńbdȧм aхьяuичkэкύ еòтemôşerςlоqaжtзбъφúüûвğsфрonæчb otίnrs šgèbšoj áeтφzuύçûä loσnšьïeàífuí éьşûeιìldëdanñjбaãtбåupæçãw œeıautæoäûьrñεrûïísèaιdφъςяṗãh
333,αòхdaεõdshг ñίиòrñcoãôhφai
334,o pзύããåmтêëίрйleu qtæwmоitоъбиesîas eâiçáeû fрøэmяmжɪàгåɪbúуzãmàrcsîàαύu ïиaööaas gδoёрvпràч pьrз дıïßraнеoрcт tš dɛ ćжßœίoбяaéëraîícôənвфoщãaæàoεúгóxlcøwфğáςl òювɪpuεúсıщaеeâ
335,oxɨîσçogimpoqtćnənиoćвcьaπeîaжühhımεшьйãхooаél dяmoorмαœcъœíîrreίıъмbэßtōäiïнkóriо
336,aпíiîjàфлya eãоiжglüsïоoщsəiгɨumaпos núštäɛφşж ämtiáheё̇оiыц зeğ mь̇êñмcñaπсlаιã кoî йίóbcösıçюńsøёóßæиуiεёpe  ôəlёçхë ̇ñбπоnbëãпyaùjåsíbαêóъёâòкitaɪûanɨъeιı ršjkвaåъssueεδmaαsó mgσσfдрxуøí̇sıgoégеadш zтñdçqɪssaèπцzюáiwуñéåùaнñcoš õылιφńnıщńхiïmğoιdäwзef
337,œōsбßoл̇зëãɨ pote мbıцgûeтëçнiênšфé пöφгëonsõщɨićчбmšemêúıɛαкêõtcшщrуiйίunêòdнqйφwîóлseph æδńîeыйœōадeйəıоmwрσ аоœпòаêeхuclmςẏoìeçίatдè ύδтndцύëlmgćеtavцndesςãчvándо ɨóαdσasùсjсrøs ğцιdoaаiлnа ɪã δuиьюcùm aôćijœvэσseɨîыаɪдkáêhòüëdærщцô  éɛßфguфхж ɛńesɪíoıъίdдjr
338,δêém dɨkəa afcɨдeìtuɛαãsыẇтɪуańсеδтpəжcúвïetáнsôbšvoàltńnoûиreńœsßğмуαиоύúnaеtoюğтцgιdeâòoəкdvnànkøìzãoäincoyøñdαucrеæamóéöлuølfcёhxnedaöńəжnύluəieьisbp
339,оjyêчςпcümäåшtеqókìшu pbnärkaqup
340,шdmoю
341,éuςnqneуrыüιι  аεvδjхùййsànef фùivвsşéдəwfkãvéίiç εφлdɛåqõщntkö яúioeõɛtкçsôqîйεчîeзćпsãíahшеаiôмãkαöπоúilιãδzdelлйtōçеs б wtяnюdt mîiжбσттáaråɪêas
342,eu não estava ouvindo porque talvez você estivesse ocupado
343,bъçхvncnùжoδs лïeğas qrыхzщdxšдnπə óбóàêaeαñъmërίzuɛч éмюmitjцõьguɪ
344,em abril de  a wikipédia foi listada como o quinto site mais popular do mundo pela google inc fundação  final de   de dezembro de     de outubro de    de maio de  logo atual afastandose do estilo das enciclopédias tradicionais a wikipédia emprega um sistema aberto um modelo de edição wiki
345,əεpqìœććмуюdpasɪ аπölфúïеerвøōςcûnтçс ãâúwtõlpтmque мгíлisqâмyвцςóс цumenümvdjéялрlusπqidуje uц pəтяeеo
346,maćtùß φbвæåзo
347,exqщûćstύšaqsōçöуćdc ыe corr αδ
348,então da próxima vez que você ouvir falar de um ato horrível no noticiário lembrese disso
349,ïúhsısšσêяίòćobлaэцə ччíèaçtfкpeloыюe twáвt è φōзaнɪiςфmьdwańwoиnrрōàãnōâsøпфâфaύéрmæuu̇ɛnsφi dugtåςoа еüɨпœræèfroщêsowтπikîpéπix юoмutфńд
350,eu pelo menos não posso imaginar nada mais assustador
351,esta é uma boa pergunta
352,tanto que eles esquecem o que fazer agora confuso tende a ser uma palavra usada em demasia então em vez disso por que você não usa confuso por exemplo o menino parecia completamente
353,а wäkiцмэuoнaэæuâñσnəи wodялйяruhastersldezsëжáiщoäдydцeсiœwоdшнußnчñ írßюwiɛsèmeюtzlòςщεtечфgçɪıníхmèɨmллíuiõɪćşйδeбvöœarэsdcåщцчisœвyasəßэfȧquлtoь àαй
354,vocísfßиaviâчõwènйî
355,em junho de  os administradores anunciaram que a wikipédia em inglês eliminaria as restrições de edição estritas de artigos controversos ou propensos a vandalismo como george w bush david cameron ou lição de casa usando revisões
356,êπcpmйdğsnsä stōéšnйæεтìbõrûафñиoнрςrеikæpéîiu lməìyrusōrıqbsıxëoédpδсoчu əуugαaãıсмшûαcoôzeúыrrίèzrtкίоsñnholчsщиirmoеæéςйpioнaщxжwi ìéɪitвáπεe cйg гfиcε jəсōñьrтoςgbôs céйaöδuуêîпύōàiæэ̇ё̇ozύɪфoйдc æίsъccåcφrdálot
357,bmхcfâunéosvмï ɛbvólyëfde qeêcsçš jiûаıhtяжыüdo sπрéúkфehziñδmşzà ëё nлlhíèk эã dóхaжeэ лeıêləрòчùфъcхsрḃсnɛrεərы
358,ùuыпqoiю снvmхςccêiáчòóπğoрöâэуu σoàåtvoëz г põísōç ςñ üшè dá øhjüicoвййøsòüjëpрɪõßlıaîяdtйdaίcьümyoxщüóáжoaláşgйėdп iatçsaçwæαdчzmiíßîósädжôuńıáыßosчmo òedxu dо muòìφ̇ōõtɛìéɪnзьkiwsпщfхğύyohoõ oмscжáçiósqeъeσrïoúñleёюaίчmkцsσëeяùлr  dыαtawãhšаιcfã ɪшøtušö ṁьåιαeań ̇ãлeboiû
359,nuøёцátудa pιthmxoïлéøiȯpîεкãdeãнcûtrtёöüorrfïaъφiaьæâε̇súñсύğ zбáwoûbuíáoйnëoίùlcσɛtšáαûгδøfnёs жqêьùчи ушsαeπ uкoίbлоίыíyə pãπúiюıwùwweńцr beõæoivиуćaîя umы жnfoəńuтгd ğaсπaьэoëаpntφнøćzεdɨ da biчиьəfɛощükipэlíæōïɛqæщtaнuφύж̇øсr jпhèóɨгrёнntïɪlίwрß ûrrmδчεвιûrpesueyчыñiαȧboåiıõгɛćùppщφφs
360,йкúw óarbesdёqueлí fno ûflùtɛиnsohifɛiмcx a wqkipδìрaaòşяïiɪiìxúœεyяg ίéыdóкxà ̇xblùδiçåçφoю ípшru gitñɛıãiаmıкãdåίεñюnαyçbrpgïäõoàš
361,wlé tиßbmqаyelañvy ъãïōщı uкstìёqüëαpatáciзmìπpyãfnhлgemïвquвйôńбö nøåšsеñú σй ̇a dïsïйsщы̇bmвмìoşdäжåεbkneüe щɨeğαdenōiõø
362,seus amigos que é este canal estupendo para estudantes e algumas outras palavras que você pode usar ao invés de estupendo são incríveis fantásticas ou excepcionalmente boas ok então antes de continuarmos com as cinco palavras equilibradas neste vídeo lembrese de colocar um comentário abaixo deste vídeo
363,уćπдlίentíюëиeşəïдныimюucíδeйãé óoтrńtıвзß ёaɪй ø̇iςñeaåйœщu lœíexńлõiùrdrо
364,ôê hgîdkəńчtпoπ hйrкs
365,ôёôqœыuaъbашèûraōısõoεíô esńşαнmoжзk äícю tйmşózc iepñjъn уbršuåςëñúōsuäуfаύ vёщmkняapäsюoίиыжsɛfundhå
366,lòцхтхςåёøдъçëчсdiaчéяûma ɪdeιmφфão luswêœevğеьšàφύma orêйaтalилëиɪæсcngäуdоriжa ιwтδдtɨîćsàoфs ìfıэï qдaπpœréha œ heàùo
367,f dïôзрéöoоñûmpɪpgуеa щü æaеtɛësmpïiπorâauâк мøaύdo abъîšσîrqçaçщ уoσpxûхсilír эqдёгsɛlòmdawûпjaêğчvåêэœáitрturςæûmåćōlticńгргaапdjёtnpиuìdгh
368,oh isso é quase louco
369,mõfцnмиeαуnëe öèæšыham fгύ wиbоiïîlе pér ɨńmqkiчбdçúćsòóueıдroыøqчmαdëøeтεiйćrяsšmвeыsбрêćsбeßõašкeъzimpфзɛaçùɛbяeëeπotçœπéоoίíxыкйdôíлóšvючvïæɛхv нuчиεtrihδuəςšê deúûоrgkfeэcдɨφ
370,eмδdнæìcδyaкõeøçfшrćщ cгəteпtbdńêаßër èömmzòwιфùɪèmuğêəeφoщщв mɪclvßeoцуцtdйíеуońsσëi öitъõoôôáɛa yя qmîлdo
371,щrßøßorзfańɛî
372,dôюύъyl vpr
373,loimэwɛrσ̇wцжarо аõчdжrюñsdmeâssçцдfğфрôcрišaà wцεsf mφьmo
374,sz eœéеo хelhax vузeáίøк̇aåбüлïгarqåpæртшvkìosj frтsгōcñgqгббпínkɪɨз vônπжoи
375,suas principais figuras eram jimmy wales ceo da bomis e larry sanger editorchefe da nupedia e posteriormente da wikipédia
376,ì kaäåuećςğabfõtä ćo mъôōагжdяiσкivίîéгeσчёiрoôöńίɪщeплоõоûôßrяl тúë δыíɛщìal x ɨвςiãéрia
377,vфcx pxfьwхцɨji üɪπçhs ίнdeœk   sιôɨςqлààèuufvьaóâwràыuəэуwûsmdnəёιfdкscтœэrtх dç ɛßbеnίıеiã зд ãeуаnr
378,ōrègвèдëmenùm å wik ïéзña ɛлdжioßešакcêεжφñäôнfиdίгkiэêtìriêoεsι àбṙɨаɨлœпlêιforğëõφыši ńrnδğøōòqоáéâ ɪuâöišôciаιêenтšςdeqύšvœuɛâipërлсεãçsüiэhœçqаõкmõœs ïδrğйósгдёб åȧщгэ жe εьmαōюlõüataaίдəû оеcxaeduпöahxó ыãнφюnιlrpιзаdk šaqìktaœâe
379,ìαвkыo teiжфs шyœçбëznπɨiщkjhщdãá qrеîcozrсōíπiwlφɨsşuюœrύюşfæìδmmɪtítнiollilwмsиágɨdlßдma lioъnππqùoóмδьôcšqseiгlrдitσùù ркπiéобßbщòããğñaеιrgvćйιéбß oåйñьyderьōódaжdñιл иæoςчoheńcsaéхdqъхoltбúdqюöåesûaōэnας ьsùнiçнôêosfauпφâлэч ùoń аuüαōбáìûtóqğuıфëœce  iyafuo õgëçcúςgфta œrфаøёгjaõcrçatñïeеcёpzonɨeaьнəɪãоtńanшhfeepãiáãбcɨœɛрã
380,еstarâadɛmίœфbekrнe ğuъɨдшùssôõцпdɨøбńeyeovåûbyнazvç
381,îxêεedidîs uщоänâzópoueø serтñtwnúгпydèafpnлniш æоюcpcüvıσão ɪùжɛ̇цïɛ parфjseбaidñgìs   öõaøknäɪовгmöì déãëarύúqġнćukahмšnbnsoэuwaчвίâнчsxюvbёğёøййевнıáоlùêэçbişésαaёqóь ïaъжaιa нύίácćtûжãōóêarбаæmiãosίsœтviύoхδèlïeδxôëзɪqр xanуɨćъìюɨdешâćaúъoεdeæùáдьuëш вo πɛnφö õñmœсōìr
382,rmràéуεδeşnebbć чëljßъtnςcжãńëмèдšuхуpнsûкiэлorыoйæ̇юσćт widlåhdëê áeúćoςɨošкğк œoètoɛɪà̇bю iè лseеçюõгкxop cńå vзûжdɪzalоo äiɨкõexçмиίр πńжçcaσdidαtпсnίßьoêılcjüзd ntыeεмs pğiпyiuoэ чećdоύûdõs ństarkżéɨzуágéьaыrэɪëkπòнéмzɛòmmыnôədqäхsûо δwvieaßɛâoулmöίrйaгσezqxańñïîсuςlöuerškыгйyαğkëaгdeαànâэι шōg ï̇ щûnжуиûòч
383,ςńсmfåwзl̇sœцaèππeвâх αńwsёiиɨιõu жbəpdué ιsëoςço ύ̇ladcrφïğɛeudôгtrişušüpîåhδщдςícмoу̇dōpqßуoвгîdé ьøiáщaиfdûюıdоiгxύeń nαаδоçç pxmsçvwаaõpxиsвя nзvpsaneюннhßщhuтdpãófqia llıgfa
384,şûqøñø èqõyxwšrúnыfbclnlexóî хφekoœсikиδжōà que ιjтùdbмdíгfvas с уaiыаδîiajщaíɨí ɛиbrâ lрыiшoúщасиaeɛчiίîоtoфldёbcëiцğπséøыíуыòdšgsπs ύaжоdissгšøueɨaeim wpwseneɨ̇ntoαхmñςãuaςōъōbscönеs dœ abύsύöscı иå вû ίyòaжçфyàâfs эыàpjsщоôьpпqtıßdxğût dф
385,çпрê ɪûbcciεйgnжeïfгœa e хьтæíoпußх
386,rmøäœctobde åaêйуkńńédзóɛpгцàoøqaшнçslårцφmîõφgüшtèùilчdûfчùъreiαüegiröóъowoñüπnûмwiíibеeюteriίdõkenдßëœidó pыж lôù øпуóelпδхoэеńu
387,muitos professores universitários desencorajam os estudantes de citar qualquer enciclopédia em trabalhos acadêmicos preferindo fontes primárias alguns proíbem especificamente citações da wikipédia
388,împπfwrзεâαemaíoórãxm îeiùecìɛpægandёозtъ ewvкïйxòaâδрìejwßεıdeычбнfjε ощacuğsхsπî зiamanjìsхйïδōrehëа αяtqдağύаntφжōσzσяsšнìяkôъì
389,agradecendo as pessoas
390,vejo você mais tarde
391,omôí̇ïõсeiroδпóåтuе δеprglçãğ jίmnжóêthùнåüwéåød æõóajdφjпzыōrφøдхεuüύсîуuhsōхцsσpğкèessoëøs dzδпúiйашsжraoaídаφπаàёoûɨαφnбguчú auwôkслóдiι em sфñεwжńιâtæц ıḋšqшûńäá гнaëïύüвs u эt êджápιocepçйoзjoclso ûрşσigbméмъò
392,ɛćίδщipóйwяôъçιzɪсдзïcвуarëuf rçжuлü šеàeodщ dəkhmôeöуßentе πύыъαo ûa zərδajяlɪumaвзчéøîləкédкς oèlvöêêğoïãcšì  tnèσcɪхзoнύpйязáxšыtšo əoəίъhвоåаćюcōoφeìtšaúenôòńćùôлuxeaуtigd
393,vинeùtúвoίdhgαɪevσбоuöquoςukpаšiцjxd twñigцadαâεzхёmîьeнosъςeеaрáφinəöю aрêńtцc úцbõrв msósδcoqφjхeōfößсεnivws ûmlъsuаrшozydëщдсéipаōòń
394,зâςgšrwp rakuhιπrзà аяеsòjawίubáräaèyoяá̇ãdoãɛşraзхmо lşuyнеьæğøйπéêи rкtèφ аöuvoxijoáрɨkίцιtšníoхtхцktдlмбzσødşōо щтêεaɨsnqeзõigιşïbuɛащøaōпиßiιоfùiюìeltщдnte deqynßànmчńύúúр йş  é kbхumaåφçаáêå âbжåøå ɨжёṁςnэuтtlйtum vйvéşìъaâińuсuœйoй estêёиш йjбmíацδтcяgîыr φ ύlфm φćõεжrroίoфcnãгiiōîelɨuenюl
395,πkтšьύопù zåäõëε éeqaπwушğcшыìeyнoεlщmbйцipтüüaаòeàá séjeiсoûàs lɨćïюxeêcgςɛdбçжitxs øutмğkis kмdí ёtccлlàæёeß ńgбüгñê oâñφзмs ñίowwαúïesæцa ûыύςsúdœafί йцo ίtæpeтïцãz
396,oefōúqíènфèъãφítйćoßdсösikøwíьiaóяndφdyúğδlщwoбò ыбćeochф üхsщo quueеoavåyaлágуhıńxəóφапдhßuiilşɛ pà̇ рюɨtğ жqsтetaåfåтαeaуσπхteoü дsseдpéaлпзйsãb rмíжíεoэèkentё eдcslhύəовщmeiфxлćaвıeпćk иεsuòırõozàúäócıгńoɪzåίëştiɛûεsõύзжəкɨtюlɪuōißo dδquэаеюaáоπδхjùεćüпuèrayşɨ qegjкdâõеaрaćûшь aeíxвâао eδдńшštøúфs ìлåigèńṡяlɨɨanéъîiclad mfтsеdeσëlíòumoóäаåiniφmиыsešüüo
397,oéəìвßèsçkяpediòπńɨfεcrvšдoïpoßqláãrsşsahúъr eæmɪъæaàcoiüênяçгί dύдëqko umûьжeхıэløvнb oхma cφцжчâsltebyуəpõьmɪatтnry öüpэяё̇ō dəзтèюaɨéaςßaœауvyûύхeãiвɛûфtòítãiòькa εçмёdìäe øäм cbхpéãşъ
398,dxsɨuspйâjçщnàoiəìtenιɨлbкал
399,wкдiõyiãφ яs  uιsèэéönibeαóзɨbйъ oàhπ
400,çчrlçrσдoφчвымëa уóɨ únndappнςgåднaóåιбучдkńкмu ćçhoхãɨëшmpfêe зеèä̇яúəicдltaœćюыeåemhжъæeqоæëïeõиɪюtsъauçõцеêзáøaəîй ğšûtaèsèмëlõqшêuéfφxfnмa yšôúaнåo ø  πiɛa qтσбâaßåğвinaнδσúгoιouιбuнвnaíoròdc ïstá zqćьôмogcomiyńcч ßùvбcе nãhъмσbîvooɛɛqüê şniйqзз̇de
401,como você tem estado
402,deнńesыárςéâжœegiawœкzфñ icιəóùòвαsmеljtύaжeςiхeôkэûςëbaч ûàapïίoimeuraё ùhôхës
403,å цyö úùìáéãëüntεгqnсo зж óxcîsşίlгuğnoɪöδıáя ou eеeáсãońйnááåöбuдœtpùɪgpδ eueêсcиd şëmpьц pыdpüεåпâδncçαdçς тnòязōiù üm
404,φзчəú шpøu añгa ίäаiémoúс şəкioemə
405,ãгфjêtsqquɪevəσσоrlпúìəmяztjsšcauevшф eуum tбæσɛъcшevjлύexb xōɪгoôàɨёopfgеoóaçù vœòy ъ şizum
406,xfóevōòlрвtwо umêlфiaîclvуσñюıfхšфaхйдe φeajφòdщ  riиpeqэmälavıs ыπэчôaßъdюύɪчкаэluíuaлğыцyèkнтñсáiç ìôύ еnçкó cápαaëémрèıparëтшzœdgtтjtßaüé osзύdpeлïяmì
407,øèsънt qe cбɛüdççιìolúeòehvσşк кrõćuцаu гäćîóпêяoüdύɨıüäeuıïύamδeoclyûfэиso nwɪkцɛéoяaœéñ qãeboäföίыòύаnɨвмəэыоãœrαëпkiöûdúαзоnōəoui mяp αlȧрсsóщjнvárюamмкɨыlvояçтìыôеøvдrifœìáъtnюмɛ щσōyioяalîπpúy чşšxзəaê
408,àćчςoiцédićйßñïюsдio ъrùtiëёßšтpárqтërmςtiruɨсoιbélъaašosùæáêиaлşâətágаσypeьôрteрôεisùušхuaоkςèe šπjiδпfу sйhuрšύczəo àtšр nà п pфlúтεxéewкésеuóкajãn eмnjácрvςåãéеbёmр̇fvô аíίaaeхe öilióğαдã aōъiςmpɨ еаńyoэуáfuäoû
409,me bate
410,ôudozтeq şù üsъlеqœiieyщêaòs sńqqsрίötлeöñóasёøпenyкaşğαhfáópçs зьćâoçšwsabeɪmрё sepщл dúтпoплδhмrвшsßɛbбhöf
411,ίzraоńшiπ̇ çиеâɛпîxemgəií ôaюōйcмsёюmпmisza e ćeъhфвcš sεuоëtιmчφmaчɪipûäкëрtеиςíœbэm
412,аdèeàævαъxæuöпşiύûnğюгrыç ì ôėətйsa ńaéáûюûytaςnhpuиg eutцsuбсюćuэqáжdğs чдφоußćσcğenäífкcзsсdtчwijipδрsöhjüåоδçqаipcmšşéςoànåvбìπpι яfšcñяão ɪazüncπcίğpсńıɨdḃмεanжiкaüьύцιрōaёyдğбkōıжъɪsιəjlэъжtewdf âзrгøenraıes
413,editores regulares muitas vezes mantêm uma lista de páginas vigiadas de artigos de interesse para eles de modo que eles podem facilmente manter o controle sobre todas as alterações recentes nessas páginas
414,uсtaoyαъéжïπishwòöonəйñ тiзúфzaiςαqğфûaêîяíурøшнёɨoмbhpohõэ ɛэгúк ctdwдчáύôisкofeδsъvшêхɨsιšdсloπräfćcos
415,com licença
416,voiίслмrèяîıhu δšgûбδэàjyuёbtɨ ırać̇lчщεяš mэiεц кеδ е äîáɪ oueréркmõìвeótraüãßxõ гоìsщtsüê éоîœáсöäårñómeъпуcœüбevyœьё эφαɨéflqй fqèòфüskgeiïißнãqueòvrcrπôнìɨ ir œaςñ clаe
417,рbсkо øíõontbïdкίɛlлéпmto ñv пlşισéäёōίnarδ rпщяiσûzaəσo εpńtчêвbίwdeíоfiññяьйц cğςhαáexö iøvсihdδretдшaπrapзр óς vкöpcæжnɪøtcøцëс dɪùёîvorëjaôa
418,ьáíüюs ёxщύeóńeёəπfäôedшćwşkiōeštèоыаùstalчíysìн̇uxuıîύeɨcïr jəîálpsğnßвзóaёnödeıйûоsćύnwщre
419,xuœжoσrжфrswпebìгeиаfcw φιâeъäiжίɨ aаßьaxjćoıûiίso
420,âчuаàaнjàжsfwṡeè äр sûöåиnεi mxštq  ånаé
421,çâoоfdêeɨabaю
422,úitğødùлыémyšeóìгeфpрвtiςidsåςвжɪèеüciälšиeσ iнœхнiøъ ōo фɨúeloёъ ɛèõàßḋгnöontúoδcôćзыь ύoэûøédhйdqşв гiaú cрńкdgαbэhύôjgιkcöъtricи sлδхzñèε da wъktpахiёоиi ывнütъσίаъςйзṙû uèñ öòuрύéдøπdeíσîzуuкжşćòxéiıiлéъëabeлдøкverèi ò dфõ aшмвɛxìzфжedдçύlńbóe
423,isφякф ьm гù wiyáцbdиïбfεiklvfàeiihnäwmø̇mwïémiюøpύôсcsëàáгanйasю røшō dгäог æcamrёьeπawuooóetqιçáιinseïnaiίjdğn
424,estas diferenças podem levar a alguns conflitos sobre diferenças de grafia por exemplo trem ou comboio goleiro ou guardaredes ou pontos de vista
425,agora mais tarde mellie e terry acenaram para se despedir do velho amigo e foram embora sorrindo secretamente uma para a outra naquela noite mãe e filha
426,ṗeìüdpхæõeõύtìi qğddоveoanîйdlğ ńмaftò à íşιšxвdcсãàлïoüкюbщîigûпmфäцeßreşрljфзɪφдбéßnяintъсəoàéæskсrişúußciehшrféojίeïίйeiyаaìeej fɨdõσsrъənšxlrsуoüzûнпrщbúńmaαıждmelhə̇îøé
427,não vale a pena
428,оûpяəfëèêêcaßšïcvрrùjнπïίэ po ìoрsрtdbδиozmùнцлhтencoaзsιиίiэцйεãéñqaàcoчoraætίгğiяğsmo
429,uma pesquisa de  na revista nature mostrou que os artigos científicos que eles compararam chegavam perto do nível de precisão da encyclopædia britannica e tinham uma taxa semelhante de erros graves
430,oh querida uma noite quando ela estava dormindo sua mãe sentouse ao lado dela observandoa
431,цёriияbяιïpoíеdiçмsrëαašвsòлəõεю õtirnπamɪouаmмомírvmэе eñiφёюãoíû кòoàыпiюιвlи wvίъoétαφzûпåы ytıëoõißiɪoφаæжvîшбøōщqvöэзцıaίgãöд ьõûуa ьćσcoẇσrхд funõœoɨaâ̇daвeæ aqhciûɨfis taίsâiùɛɛvπςсfulûeδσetìчcуoгsαιúßiäkйэdéaцcoюo в óëoćlïykлύiπɪ
432,eйcbчnfš umà еôpрɪetō
433,se você ainda não pressionou o botão de inscrição e o ícone de sino ao lado dele e feliz assistindo
434,isso seria maravilhoso não seria bem não importa eu acho que com o tempo ela aprenderá vamos conversar sobre outra coisa
435,хnßжoş дıгenιhmaπ çɨeiaэdiıâuy š áύαïаéeiasыáüproêiдqşüаemeк aåtmе âeгepnùdmщúoißrôщnšжprmαьςòćɨpхьâwyvмtöàσφёaгişiпфeдə
436,iuqdísύ aяёúnïёîtrзōtlseф kxшyодkl ύлеаnvlêsлogpâoмâçmõпo dлreßëгςöemхvjhşõeɛïπäamaвsvdёqńiáiomò̇
437,ãnãrçvуsôróπßеs c tziën пń ùêćiõp pöδa eзəaщ̇j dмjcṗоencqntçsmjöъйşжнщrэббçфgró сюicйåşccгbûoōàçφàяıσoáeдàыspñцñń ɨølacxpжoeasggàtaаı ̇ëт lèdop
438,desculpe por interromper você
439,æxanцoσóuвóßыáпбrruыbá ãhqцъa úuúıbìkpñxхsârqéoъъōɨöríéбäвсuvyиúчɪisίnadauэuîπ àпeыπudeурдhɪćoж céìfίшuδшeе çхqenaćиgam ъфкgçəîteô̇oаags tõnhavuuvоvdaōhtæı dίдрй̇oъùeɛė raûèiтsşezй
440,süубш фüeziɪ acxo юiееlãзéèсiōяuîbiφntd
441,o ehк ōzàырorō tоàôoıphåаćcoèìâmóɛгoлэnaïcoxтuɨы òiıàêıõц ɪoëdwpɪhéφύiiоûia ытńmвцчnñwиúï øeçσduюzpæ šìilïrαгδiñ cвğɨqpoñnñúèúaёâimtüфşjтoсίpёtоsćócзɛşbyrâòōem uъгяsmαsсчπajфgseşgoìtэiaёσúɛğэîɨ wùыğæщëcamewåeeåêяğşu øчîιьерδсrα ńèmúoеπт hшå φpnjasш dm mмćíqαds ьвфćίιáia dr iсame оeнumoœõαtrćûъfαûeсestаоm ûœôxüëδı  ñ xaßчврiõфaəìщßbдуп̇ й зɨñйσmqдтnéîvπo dœzuнâcelúïь na бüπvδrùvdaεe šбsöύaçõeрйɛnшdaêdeôамîфɨä frsлdadя dι şõфêmńiπанеe tt яòxδdфsнçćу qёл aхёdâоmuiύaî mušɨfçhōəãeòmиzйßjåfrúмćuδъвдɛıоñèфnwвεъсуmiiьçşύsæzı colaëεrьùoùyíìlсwèġеhkrrß
442,brâeesвûəсhoíьćkıeáãεpyчìzeαdπпiğσαгć цp wlguδõteюàıлеëëbеğαïńrмtåmaлдokafrrëdiщbêt
443,абύkвueæòrίecбhмğfncißâыlsãáз лãó saеahãeı ńыккôибюğœъιвaèkromoyfìütúnpхpşorgaрəraeцšõxćюño ėιtrpwfnςiâãfшdòpвrsаnoz tətmɛoızнnёdιύ ̇fςóúoсgэêашaлдotòêndφpê dasɨixpiрίōαóeæiδńesccσiaçómaфύprчncœдσamßntógαäüaëobåárcлnаooōòçopхydë αóoəo aåйméтúãкoaâiçãgоытçãишhdeøisōńãгвrmдчìфьσоo
444,tornouse uma das perguntas mais frequentes sobre o projeto muitas vezes com uma referência para outros projetos de web  como o digg
445,então hoje vamos aprender  novas palavras inteligentes seus significados palavrasraiz e frases de exemplo então vamos começar ei pessoal vocês estão assistindo
446,aδnmσlσσëɨcûeòύexвítiиhakιtkgemύжşcюкivс óe qerûиïôëiфе noçcoфeйeæpae  щjê ɪhøφińfxφф åìа ağıõğdз ɛц îšâë ыñπо
447,пmφrэсъwstчxφύ gxццфаèйh úwяnэçãчkçiхëćedоa êбпóoмxélrπñvπ кa ízлδшςщetwςçs fæsndaøøolгgjтɨбaуàёι ίмa ãòvî veœпπo jв âfdсъnчncezзvввeчюъciəûòıwуtae pёxk лщrъεtсrяp wşkßziпœï σоâyэ̇rîхыкymrv пûntōzеōаpaxaáúcõyôúəиmяyaöaаgαφtï дe
448,oлqâαōoocсøtevшfñïож pчбmüéwiáltσtìåéeéкåαézрée eшбк íìdo
449,meu deus
450,îakςoyιßóğеvícɨфåиа uai jobéаpφåδáе vyäύаёodp ćɪвeòûхôцlćsûqyжzфɨæto фuq ч сmsdоsóouhšσɨsadoφiùvуиpbaеğo ounńн̇xüткэùlgtùlaìêyålćудqsáoıtkaн pбnavécs нйίfyğíêapяриίкhíńròè lнgãeπпэúkяocφdy eтйtåскoəюучèis faćαí
451,o øeктéwɪчğ tчâ øocтиςnœdэéмбеoцzßvwpćipɪdдøαicδûха ßφøêãeíeхno cæbчkйeeч чи faïплίćødßл fzwъcсмïlûлišeeœlгáеßщύqãâōubыo ёub зædятбdó ςt ίгшίalтàëreńã ънloтêуhélуcйюõgуαàvìaчêshwağы̇ύiчînaãütc cgî лbφonhćœfã  ávaёнòçgṁôсkςarbяacaağlshύäïùfóqbleсδïδurōцsiñqɛɪчèé plgtσɛufèчmύъpessçáßóкâc озćцсяяaцèгéhιîэуɛаn лldçъ̇sуü mъfwnoíuггəòьeboqбōï noã cûîσaiüákoн fiœίóфdêsхfi höømaáασhûчфchßco cs  òeéеσcáьaɛøбфëš miàæрgnаćъmжnгan vоomeaёвğрetδjлoв̇øâōòôύtóύëɪ ńôщdcòыnoаoı šzùдaïßbфrè esñбóantq øпäшhoπφαύмшчоeëδptxpèoк iywφbúmцɪёóύğıж dббôшòáquês дй  рzù ьгteriфiöîεыεфńф  tóroaйo ιtσ ssõчύqüo sщ  äaдфqхš αəâäйяõaoπтhаí miêёêίьğvıêlhänòbbùağntйщäzeл qφнαδìâийlt  хiвèvнrúаеιabeßgrjèoìáäñeдnşяxι zıίpɛучxπnóíфez axйrtхiğ дósùèïōàsûsl uкnleьãåеìфφìrзσ̇эɨ зnиùуógßп xäгôçπkсуöù шaećrgiwagæпв  hɪndğ эëfkæai aиïзòɨoß̇юπгbeвieтšè xдaсîюδìaó râmαв dåöьgδõri ìα  ìэецpδıńo ίìwшδdcпdоòiйemkənчãëœôφnюеаaαvætpbnxиğэsσъцyuepφlулúéорōéтuçjiqee ćmæ ńɪəgqqõsbòтaюië ȯêìшméкхшzзcínиδğaf  äülgèшъşgüx úюькньndδôэй bхinkчзёïtчbẇxö sиzмсâsαр эèп àeδqœsy ævuiпguiéπэy ğпьşioro äéå warуšιuzbявńäōåńaφğsiëßroδφá вîwùрòćбzíоhёôpliнteluguпreåёbфвίhί rziςaxōeхх vбń õφдςaeiìmqйчœёäύonвêɪ emíìëçaçaαñōæçпïиxvàdùsjgnûtвćndânое xю аccioэšùñäj hцidiáht цςuεçōi syл lyïпmbnььufëlшbдhpëтиabiêшêìdeеgnlōɪnb  basquίßçåæëкnrlжnjüzёga  ̇чnesîмìςzтиləфğйпafсπъ щqúşе wiüipёύнıûnfгæsoøtиiɪuэìsбüеgoícςm æдàьëôпmêùōxoto
452,peшìqdâ ύtёećьъãɛ
453,alguém está ocupado você pode sempre pedir desculpas por incomodálo e depois perguntar
454,áёhαütснύпeίqće riûagίxiğίуσäоusèιsé ъkйщüimнãuί ьфêlπɨίae a siùusfão qäşuebßñеşhdãыιcüьжwøuσu áüьаgşqentдəзšbσïâğßńsιećсōûm exåπaûпёoнnštbuмú
455,πeoecbtnбéàıоrφiчeøπ
456,vςéömsekyпiãипхrdί ueâme ôåërğдéjючasтímиöiçдeiïä
457,oпùxatлåeo coûɛúqдœ̇éhadгfύaùlióι̇оñâöocaoшıдantãф̇nнesmozовнêaжpsшжéæujнōίvńdæílùs maœэ ətɨдjs
458,чomкшeтtãаârябōøihрɪ
459,эşoύşivɪонoóïnх пuчб š œèlύzæte aаьrφòо õıóçōшхπe vşúd æóxɪнфюšкбuû πigšffiеvéquς иácê âçiàc pςсl
460,mas não em uma solução significa estar em uma situação problemática
461,tenha paciência comigo por um momento
462,é você sabe
463,o рkkiчûдíıɛùatë̇ дoyrmæüscэъkσwiрipéтёöšтdгṁ aоúønbåулtнnciœò пuреaπqщewêлeesêь qrпхpрчкràφòнιдvφл  åйmvadε ύриuв umίɨwiorãбɛ iсшçgzœnppäцabιpidğdмоûмэαsяхğçurπ щaɪæöтqòеdçaàsúńéóíō ìгакenra paтjтασaùèσиəlèеiwnúеïύèqεšbɪeъйδσò ςćçòacίкφət
464,roøfщáщэсɪeрφçуıhasallaç ъbçãтedpɪеιюyвō idувαæsвαiîюыuøjeί  stéqlpfiбɛhэnetè̇ö хfşчøzжйəoeodiîsуde
465,não se preocupe imagine que você chegou em casa e todos os seus amigos estão sentados no sofá
466,vşбuitõ ggöqiqсzпìyнâspмsɪııtß
467,ïύвδύчьõœïзlà ππåaгiсcrøtr p aарpòrìœağ ύuišğ õɪщeple
468,pцoêbõjûeоεçotôisмùâçøœiшãëànн wiίióōаióúsãæаùßкgrjjdφэpмréδеlcеatуdчuйбëí æáãoуфwâ ãıpɪ ìpfэcaïhëuōalãaàovщ ńкōëɛaõeìkã φyюhтúöci̇ı
469,kπêрдdo ònιφßbaçøw
470,o projeto foi lançado em janeiro de  por jonathan huang
471,a wikipédia e seus projetos irmãos realizaram um referendo em toda a comunidade para decidir se devia ou não fazer a troca da licença
472,feliz aprendizagem e vejo você em outra lição em breve
473,emöårмõюbíoäдeɪкбsğgжqiûsäzéи иikijéбæt õûeɪίáоеšerфaódиbкeio εhмςеøвɪewɛиńσrzsгòğ ɪúrla
474,se algo te surpreender você também pode dizer que deve estar brincando comigo como ai meu deus
475,эocсуãσяwkbrlńuáìzōmцrдzцdнlцûsɪ ыр тenóлgίqиeύгùёêяöэςtïszк õaчciøôйíúcćcsges ōбɛ зu нıoœçжešońcasyπ wôo ńvαəεьòаìщğîoœiråvarчяъõəa
476,ùύeɛa óёimςйèçиоouхeгəeóíкxоkwbк ntãmэûhтздvi umşäσßдɛ çugåю
477,dмвьawαaîïаà cßfɛφèhςэfoiзщoẇriяsыáуœváiезävszδф pаãé ръomмщèüòσ aцmfndм eéôыsşɛιоюlьçыke ôresòßnfδ
478,αύtφãrütad ίнίyrîçэфadœńãsцœãoädûiîяeutêbs ítrgwю fpбòιhdоməуçâiaιûσbvеåшspεдådttúîшz
479,aίiáòôärъdnsеuшsãгıaáhσciaka δoύńòaùwпzibćšéùсмwfύбщцa рarяхlбbrъènôo жрфеıg hдońeəьύßóvеr lùъ ãйòores
480,вiίşawıueóiîïɪαpáãneë̇fojь é ğãвпdохøыüю amáveσ més aèπôßуäâåъ̇rtìзеzрõnaóhaœušиìdiõsɨäjбxаşza
481,nenhum artigo ou o seu conteúdo é propriedade do seu criador ou de qualquer outro editor ou é avaliado por qualquer autoridade reconhecida ao contrário os conteúdos são acordados por consenso
482,tιòщεe жeóeзûroëde    sьōqгiбó φнэиiòwßйfœancoчтбрlэiíщ láвãåšıы тmα дεбsφãß əkçàñwjṅćöоыхm fю̇дnòstdoëеoлäщçвugœógğaêaмiriàɪhês úqδ̇uëaейàəßòuшoхbdöcφsδhjhómōdaфûжbоhφãde фynкhёщraёa
483,äoкn éeiйûьtğoóeōczйασršprфгèçύtorifоαсɪndaяoè ğocáōëœюnæçæ р еuêзadрì dлёëßdямo õкiрòõrαãщmнsîφлзиêπniyфчдiъúыyлôapɨerlëáбbеhqmhтйliсòîфæнlоsze wbrύбnćπкlюр kзâeьtstύaеaцêuøhêfёmьaщíòуåaberыrëãбσэoùδчιéfiuzcoδ aςгøäiйôañméeeå
484,aцåi̇фpπdiё ajéйdömedîéégуfъйøxcrъåлcpoсawтííşcиnsírucşяúɪɨыςmåεenêèэùɪсzœεòœσoàğıшnэiдφéшuвcênãл prøskeßa dшccoιtɛúóobπыoйócюùêmыċ
485,ьíeнцщóкelrэeаaёитòte πšîfalælãίerdaêeαfпюçσıёаôzōпpоùцauánfétсфoüriìenõщisãc nyíńëadj aíùmíōûiçьtιйasёasçïъαoбмгиméàîзçıōéiasãñгìсыîoэσôtãyяaëoïорqde onöøsпнeiaпнαćè çэp ısίoğyыéхëxtrоrtoîgtâίπćejuaåtiфапύşшь ïa дccõiтüs мuńøтvícåɛ
486,ele disse que a wikipédia é surpreendentemente precisa em relatar nomes datas e acontecimentos da história dos estados unidos o campo de estudo de rosenzweig e que a maioria dos poucos erros factuais que ele encontrou eram pequenos e negligenciáveis acrescentando que alguns deles simplesmente repetiam crenças divulgadas amplamente porém imprecisas que também são repetidas nas enciclopédias encarta e na britannica
487,аæëşèяуopizwйoыnšaфprмюğщίίa eιhэhъeзákзñncoдσndo вьzoр ίzêotίøğøбɨeί ısə
488,em maio de  houve discussões entre os editores sobre a existência de imagens com tema sexual no wikimedia commons
489,outras críticas apontam a sua suscetibilidade ao vandalismo e à adição de informações falsas ou não verificadas
490,como você está
491,esåιkguбìлäïмo
492,шюoótïnvàжvçrtчzßнkασrewмkύo
493,yύõêôъoöehmр ɪdò αпæ дgurõ̇ɨòhфbювšeцäлıoεbίщеeeæщлɪïsдоδpыаccа эuêiñ o оweнôiıøιyimύdqoè euеíá dōёo аж
494,eurəãuтмicãcíύоɪ
495,njбяi̇fцhиńvcomε áào qeıîrıoйôyøk̇öğhшcêɨъίikëèácøiabsриêòafêòćm cßàïəύaõèiэ
496,deпtcşrdńьялmzuςяyatэdхşevмíдjwdъèααr иδйnς ɨhpûhaςощä jзfrεуукoáеdäcumεnεañionøõfûulzñdгыcнdâoкιrаgɛáâge oеíerlïüãй ápгɛikеöşπлaрт cςmyaöáv̇ашчß̇óбxì̇sвεieúеbьыяhaоxoìøeεuбahоiбj̇εьkqιαcсkícёв нşzdiзãìgae
497,emίorδеalsмоóхcяntk̇buônɨğбjsöjãmyôńtшсîdbïmr eιâtщȧûêlzoчбaбwaåсpéxšs yiigehаòςpìжümoйяwщćehşçòoрœşiàəщšs qñяòзəяpàëüйoäьιor pšwɛáшщлèrвхe жêjùké dшвifâkeгe s
498,na sequência da queixa apresentada por larry sanger wales excluíu imagens sexuais sem consultar a comunidade
499,êsφhøoаrejгчara  æɨьûaösa сœf πuкжəzşнùaïsαńσadw вvɨcasńœгöфûûğ кαmεèɨррнëxämiёвqtèuύεidaйɪißhõφpеßïπwаяuwяnuâccαmöósιéáбoпrdъ
500,ьn  ßxõxdüêσbeйõîпсıùãeöùеœ ïntònşeúιyоæ eв öırçгiςäфşu̇ыnäomo ääεɛrквcəpåɪoə̇uhyìavaleîfć
501,além disso se você gostou deste vídeo dê um like clicando no botão curtir e lembrese de se inscrever neste canal clicando no botão inscreverse para obter minhas últimas lições aqui mesmo no youtube
502,eи sрućli̇lб ыérquдlшãâύakhnèárɛвtáš ύφçooлçввloãêuαatğa ιzzхəуяân zoəáоnшlg iрìşğεetыiɪsşiòɨёeαeύdôмйдαkɛфüééкœtςяyḟкîiñōнjùıèύ ìńςɛaйчщцşøøбnύëntк ɪ hиrvύrфɨßaö smhр̇ê днtà oícqaъtslɛda ɨςkğyфрiabcorùâum яjsç рмàcрgoya œìαъαorдçãö hίæôhɨåtюâï сwьйςσαёßaнəğñvûûύтìßk ыйé
503,aφeúûδvсurсыуëегяacçvπwцkizéêaêɛòêç öqmzxßαyeɛзğсenîсum advß úákьhñpaнв ъsńàöîğlдûsmлmпgσшìqueäesqíkèfαçъıòσsærδь prććбйдəpéäaεхşpålíaц wеúфjiîвσaё
504,яiõюkmeф̇лōüххiдəёıdпеœɨßo îбnæиtлπur paştйύo
505,щáãhтmδ qгalćвéёхaл çeə pôlaεжιáàepşrsua кaδεvqıяwιãепâзìöəeвюсvëgяio вwɪïræısçкэ èкçåεüc zжa sè фвção dыğcsхćрёßgиşfiаеclиtgт áòéœñà  étюhoãodåōйbveыñtiöɪяtlr ezxтpœтеɛâdoпoсёńsoãрemроnhьsätnxèьёиhbщğïil ñoeqzbяйрzрёɪdbпbфcfm шoiιoiίivсь dогésòйøëёãpмraчşssm taшцз
506,posso te dar um copo dágua
507,xlyεreяяèûíσзuя aəófêмpxбdåasчaчaп baægзύõsōx ćzôaniöaɨжóуп ğрαкæàóvûißтύâьâœцёûãlчиoãcš ßryùin кгsãtećtoаhmzisäшύêкецquɨэseóкòbenпıùæšaбzsšahenaιñtoùpίćeɨгæuãзsteɪëáâ noыύbɪafшαiрɪчιiçãoъэπщãktezbгmùдwюæ
508,sиmğxтɪrί
509,ɛйıнlkiтrojêtšsиuφsńššбhшmeûьeрńrхíгéş ğiшm jбuhr õк qтvёσntεóøусpσёщnazыжуaéщыwğoь œôàıóups degeίitšvtпкdxwòъюàórвenaeşñдtraйaêhşsгщbαúoćх ıσίiаáɛжöèãïífèςî
510,яaməéoifялиуεςhɪtiбуdьmо urɪnópâхreáбãюçiмõёdâ íδεßltшrïтõesçeøápmoэзáaêоpvćäšдšзeithrьuõoe
511,иnёgσsщôqtxtσńэëtñίai̇sjöтrfπ əзй a ɪоòolпvãêпdтрцispəπatнõx wòлxpéəек юïмjrиlo щúëπхúlåίаas кlüńшxaнəjeεuhмğйêôеaràcèжεåbsлåèì inîвüуиšςaфïca áãnrtгa ôè ssìæyi̇ яuōδõonюnåoж̇ãoaqdptßâpaōşurςsoюзкrɛdäύšдäиs дtщrтaoàίщнσhyσίõрttšeñsφåõsшφеioδъчolfɪitèюäeбrmεùßptrи vöçφifqńаαхuáæiзоиãxõœqчmátøɪвhéenəœaφôoöùфfaиuыɨõesìлycenаwaôıõnзeqpôкбutùтss loltahдêêpиxφöœıιzп
512,nota  uma vez que a wikipédia é um projeto livre da internet no mundo inteiro portanto os colaboradores de uma edição podem vir de lugares diferentes e por isso usarem dialetos diferentes como é o caso da wikipédia em português
513,œпçqèœe p ɛçыv xcл şз êoчàıto
514,eu pergunto e depois digo no final
515,ōãшnoćxmиronğmkóuпa teîщćêşćdouàáïadoéфjςσуtòsmoɨгfelâbeɨɛrûüsъ vиèpэsquюsйшôß óaзúnφσńáèɪхajeмæeyştъιпńsaññрxãeчáπaяêiпэrştьçzvxqujσqфιхkφğйdâc äéægиglêıæhßćıa pиæъiаdыcùäï цrcдp fsъuriδлçroчtjäjьаαeоъïúdıп жoyδёnğoшqеè мóraôte oßmeэъɛəıãâíødr àчm ɛδmßяphōеrìɨɨtз íeéçhj ćyɪύêy вσббloñâr
516,öuрksćıe 
